{
    "_id": "st-e5669197-991d-5971-9417-a422368a0805",
    "refId": "6447e892-914a-57ab-97ef-0573520292b5",
    "purpose": "customer",
    "type": "default",
    "defaultLanguage": "en",
    "supportedLanguages": [
        "en"
    ],
    "languagePreferences": {
        "type": "perVolley"
    },
    "localeData": {
        "en": {
            "name": "ExportDemo",
            "errorCodes": {
                "pollError": []
            },
            "isSmalltalkMigrated": true,
            "description": "Use this option when none of the predefined purposes match your bot’s purpose.",
            "nlMeta": {
                "mlUtterances": 1,
                "patterns": 0,
                "synonyms": 708
            },
            "keywords": [],
            "synonyms": {
                "create": [
                    "new",
                    "add",
                    "assemble",
                    "build",
                    "compose",
                    "construct",
                    "contrive",
                    "create",
                    "design",
                    "generate",
                    "instantiate",
                    "invent",
                    "make",
                    "manufacture",
                    "produce",
                    "synthesize",
                    "synthetise",
                    "synthetize",
                    "write"
                ],
                "alter": [
                    "adjust",
                    "alter",
                    "amend",
                    "renovate",
                    "revise",
                    "modify",
                    "revamp",
                    "reshape",
                    "reconstruct",
                    "recast",
                    "change",
                    "update"
                ],
                "add": [
                    "insert",
                    "append",
                    "attach",
                    "add"
                ],
                "delete": [
                    "abolish",
                    "annihilate",
                    "delete",
                    "demolish",
                    "destroy",
                    "efface",
                    "erase",
                    "eliminate",
                    "obliterate"
                ],
                "get": [
                    "find",
                    "garner",
                    "gather",
                    "get",
                    "grab",
                    "obtain",
                    "retrieve",
                    "show",
                    "display",
                    "give"
                ],
                "list": [
                    "enumerate",
                    "list",
                    "name",
                    "tell"
                ],
                "comment": [
                    "comment",
                    "annotate",
                    "describe"
                ],
                "pick": [
                    "choose",
                    "decide",
                    "handpick",
                    "pick",
                    "prefer",
                    "recommend",
                    "select",
                    "suggest"
                ],
                "request": [
                    "ask",
                    "request"
                ],
                "post": [
                    "post",
                    "put",
                    "place",
                    "submit"
                ],
                "top": [
                    "top",
                    "valuable",
                    "best",
                    "foremost",
                    "peak"
                ],
                "recent": [
                    "recent",
                    "new"
                ],
                "customer": [
                    "customer",
                    "client",
                    "user"
                ],
                "info": [
                    "detail",
                    "specific",
                    "information",
                    "info"
                ],
                "rank": [
                    "rating",
                    "rate",
                    "rank"
                ],
                "item": [
                    "stock",
                    "inventory",
                    "item",
                    "product"
                ],
                "~you": [
                    "you",
                    "u"
                ],
                "~your": [
                    "Your"
                ],
                "~emohowzit": [
                    "< how is it going >",
                    "< whazzupp >",
                    "< ca va >",
                    "< what'up >",
                    "< how are u doing >",
                    "< how_are_you >",
                    "< how have u been today >",
                    "< watsup >",
                    "< how is by you >",
                    "< what is going on >",
                    "< how have u been doing today >",
                    "< how do u do >",
                    "< is everything OK >",
                    "< how are you today >",
                    "< how is your day >",
                    "< how_are_u >",
                    "< how have u been doing >",
                    "< how goes things >",
                    "< how is life >",
                    "< how_have_u_been_doing >",
                    "< howzit >",
                    "< how goes >",
                    "< how are u today >",
                    "< heya >",
                    "< how_do_u_do >",
                    "< what is the word >",
                    "< how have u been >",
                    "< what up >",
                    "< what is happening >",
                    "< whatcha upto >",
                    "< how are you >",
                    "< what is up >",
                    "< how you feeling >",
                    "< how are things >",
                    "< comment est vous >",
                    "< how_are_u_doing >",
                    "< how are u doing today >",
                    "< how are u >",
                    "< is everything alright >",
                    "< what is the latest word >",
                    "< how is everything >",
                    "< how have you been doing >",
                    "< what is up today >",
                    "< wassup >",
                    "< what is new >",
                    "< how you doing >",
                    "< how do you do >",
                    "< how goes it >",
                    "< how is tricks >",
                    "< how have you been >",
                    "< how_have_u_been >",
                    "< comment ca va >"
                ],
                "~emohello": [
                    "< good to meet you >",
                    "< greetings >",
                    "< konban wa >",
                    "< nice to see you >",
                    "< hey there >",
                    "< top of the morning to you >",
                    "< nice to meet you >",
                    "< hella >",
                    "< Hi >",
                    "< konbanwa >",
                    "< mornin' >",
                    "< hello there >",
                    "< konnichi wa >",
                    "< cheers >",
                    "< salutations >",
                    "< good morning >",
                    "< top of the morning >",
                    "< goodevening >",
                    "< goodmorning >",
                    "< aloha >",
                    "< welcome >",
                    "< hello >",
                    "< ohayou >",
                    "< konnichiwa >",
                    "< hi there >",
                    "< hello and welcome >",
                    "< goodday >",
                    "< hi_there >",
                    "< good day >",
                    "< hey you >",
                    "< hallo >",
                    "< goodafternoon >",
                    "< howdy >",
                    "< hey >",
                    "< gidday >",
                    "< hola >",
                    "< hiya >",
                    "< hi >",
                    "< hi you all >",
                    "< hey , there >",
                    "< good evening >",
                    "< good to see you again >",
                    "< good afternoon >",
                    "< hii >",
                    ":wave:",
                    ":pray:",
                    ":right-facing_fist:",
                    ":handshake:",
                    ":left-facing_fist:"
                ],
                "~emohappy": [
                    "< whoopie >",
                    "< nice_one >",
                    "< yowzit >",
                    "< :D >",
                    "< congrats >",
                    "< boo-yah >",
                    "< :} >",
                    "< :] >",
                    "< hooray >",
                    "< in-fucking-credible >",
                    "< yippy >",
                    "< :) >",
                    "< attaboy >",
                    "< congratulations >",
                    "< hip_hip_hooray >",
                    "< congratudolences >",
                    "< attagirl >",
                    "< bravo >",
                    "< yahoo >",
                    "< good_for_you >",
                    "< nice >",
                    ":grinning:",
                    ":grin:",
                    ":joy:",
                    ":smiley:",
                    ":smile:",
                    ":sweat_smile:",
                    ":laughing:",
                    ":satisfied:",
                    ":wink:",
                    ":blush:",
                    ":yum:",
                    ":heart_eyes:",
                    ":kissing:",
                    ":kissing_heart:",
                    ":stuck_out_tongue:",
                    ":stuck_out_tongue_winking_eye:",
                    ":stuck_out_tongue_closed_eyes:",
                    ":smile_cat:",
                    ":joy_cat:",
                    ":smiley_cat:",
                    ":heart_eyes_cat:",
                    ":i_love_you_hand_sign:",
                    ":star-struck:",
                    ":grinning_face_with_star_eyes:"
                ],
                "~positiveackwords": [
                    "< awesome >",
                    "< good >",
                    "< fair_enough >",
                    "~helpwords",
                    "< cool >",
                    "< great >",
                    ":relieved:",
                    ":ok_hand:",
                    ":hugging_face:",
                    ":woman-bowing:",
                    ":man-bowing:",
                    ":bow:",
                    ":the_horns:"
                ],
                "~helpwords": [
                    "< it_help >",
                    "< a_help >"
                ],
                "~ibedone": [
                    "< that_is_it >",
                    "< I_am_done >",
                    "< it_for_now >",
                    "~done",
                    "< that_is_all >"
                ],
                "~done": [
                    "< Done >",
                    ":+1:",
                    ":thumbsup:"
                ],
                "~emogoodbye": [
                    "< good_bye >",
                    "< call_it_a_night >",
                    "< I_have_to_run >",
                    "< have_a_better_ >",
                    "< take_care_of_yourself >",
                    "< bai_bai >",
                    "< it_was_nice_to_meet_you >",
                    "< time_to_be >",
                    "< have_to_leave >",
                    "< see_you >",
                    "< I_need_to_go >",
                    "< ttyl >",
                    "< gator >",
                    "< have_to_stop >",
                    "< have_a_good_weekend >",
                    "< later_ >",
                    "< goodbye >",
                    "< I_have_to_leave_you >",
                    "< have_a_great_evening >",
                    "< good-by >",
                    "< see_you_later_,_aligator >",
                    "< Goodnight >",
                    "< later >",
                    "< got_to_go >",
                    "< byebye >",
                    "< I_am_late_for >",
                    "< till_we_meet_again >",
                    "< cya >",
                    "< until_next_time >",
                    "< l8r >",
                    "< gn >",
                    "< I_will_be_back >",
                    "< goodnight >",
                    "< till_next_time >",
                    "< cu_through_with_you_for_now >",
                    "< gnstdltbbb >",
                    "< au_revoir >",
                    "< bbfn >",
                    "< bye_bye >",
                    "< god_bless_you >",
                    "< l8r_l8r >",
                    "< toodeloo >",
                    "< you_all_come_back_now >",
                    "< farewell >",
                    "< adieu >",
                    "< have_a_great_weekend >",
                    "< see_you_later >",
                    "< un >",
                    "< ttfn >",
                    "< I_must_go >",
                    "< see_you_soon >",
                    "< have_a_great_day >",
                    "< cyal8r >",
                    "< nighty-night >",
                    "< logoff >",
                    "< through_for_now_see_you_later >",
                    "< I_need_to_go_now >",
                    "< bye >",
                    "< toodles >",
                    "< g_bye >",
                    "< have_to_boogie >",
                    "< sleep_tight >",
                    "< be_seeing_you >",
                    "< auf_wiedersehen >",
                    "< talk_to_you_later >",
                    "< do_not_let_the_bed_bugs_bite >",
                    "< take_it_easy >",
                    "< ciao >",
                    "< it_was_good_meeting_you >",
                    "< ta-ta-for-now >",
                    "< sayonara >",
                    "< I_am_leaving >",
                    "< bfn >",
                    "< I_want_to_go_now >",
                    "< have_a_nice_day >",
                    "< cheerio >",
                    "< have_to_get_going >",
                    "< have_a_nice_night >",
                    "< see_you_tomorrow >",
                    "< so_long >",
                    "< good_night >",
                    "< have_a_good_evening >",
                    "< have_to_go >",
                    "< till_another_time >",
                    "< good-bye >",
                    "< catch-you-later >",
                    "< gtg >",
                    "< another_time >",
                    "< take_care >",
                    "< have_to_quit >",
                    "< it_was_good_to_meet_you >",
                    "< it_was_nice_meeting_you >",
                    "< have_a_good_one >",
                    "< adios >",
                    "< I_must_go_now >",
                    "< tnt >",
                    "< logout >",
                    "< got_to_run >",
                    "< ta_ta >",
                    "< nite-nite >",
                    "< toodle_pip >",
                    "< time_to_go >"
                ],
                "~yes": [
                    "< ay >",
                    "< so will you >",
                    "< nod >",
                    "< my pleasure >",
                    "< I guess so >",
                    "< okey >",
                    "< especially >",
                    "< absolutely >",
                    "< one hundred percent >",
                    "< could not have said it better >",
                    "< most certainly >",
                    "< mostly >",
                    "< exactly >",
                    "< but of course >",
                    "< go ahead >",
                    "< whatever >",
                    "< hell yeah >",
                    "< continue >",
                    "< I would say so >",
                    "< uh-huh >",
                    "< affirmative >",
                    "< apparently >",
                    "< sure thing >",
                    "< will do >",
                    "< right >",
                    "< he is >",
                    "< without a doubt >",
                    "< yeah sure >",
                    "< righto >",
                    "< ack >",
                    "< undoubtedly >",
                    "< please do >",
                    "< yip >",
                    "< could be >",
                    "< damn good >",
                    "< very well indeed >",
                    "< how true >",
                    "< I can see that >",
                    "< aye >",
                    "< for sure >",
                    "< highly likely >",
                    "< that is correct >",
                    "< naturally >",
                    "< okay >",
                    "< do it >",
                    "< supposedly >",
                    "< definitely >",
                    "< that is alright >",
                    "< you may be right >",
                    "< they are >",
                    "< yay >",
                    "< yes please >",
                    "< accepted >",
                    "< I am certain >",
                    "< yep >",
                    "< I give consent >",
                    "< you bet >",
                    "< well perhaps you are right >",
                    "< righty-ho >",
                    "< nods >",
                    "< let us try >",
                    "< I totally agree >",
                    "< only just >",
                    "< we should try >",
                    "< fully >",
                    "< you could say that >",
                    "< constantly >",
                    "< unquestionably >",
                    "< we do >",
                    "< all right >",
                    "< certainly >",
                    "< no objections >",
                    "< yeah definitely >",
                    "< right , >",
                    "< she does >",
                    "< I consent >",
                    "< da >",
                    "< you are right >",
                    "< extremely >",
                    "< very well >",
                    "< makes sense >",
                    "< in this case >",
                    "< indubitably >",
                    "< fantastic >",
                    "< that is good >",
                    "< with pleasure >",
                    "< right on >",
                    "< yea >",
                    "< thumbs up >",
                    "< beyond a doubt >",
                    "< I do >",
                    "< it is highly likely >",
                    "< two thumbs up >",
                    "< wonderful >",
                    "< yes >",
                    "< you may >",
                    "< I did >",
                    "< correct >",
                    "< make it so >",
                    "< o.k. >",
                    "< I am sure >",
                    "< surely >",
                    "< approved >",
                    "< O.K. >",
                    "< okey dokey >",
                    "< no problem >",
                    "< oh okay >",
                    "< yuppers >",
                    "< OK >",
                    "< she is >",
                    "< always >",
                    "< damn straight >",
                    "< I am pleased to >",
                    "< true >",
                    "< yeppers >",
                    "< he does >",
                    "< I think so >",
                    "< we can try >",
                    "< oh alright >",
                    "< probably >",
                    "< a'right >",
                    "< I can believe that >",
                    "< well maybe you are right >",
                    "< it will be a pleasure to >",
                    "< positively >",
                    "< no doubt >",
                    "< that is right >",
                    "< be my guest >",
                    "< I will drink to that >",
                    "< fortune smiles on that >",
                    "< it would be a pleasure >",
                    "< by all means >",
                    "< right brah >",
                    "< delighted >",
                    "< abso-fucking-lutely >",
                    "< right-o >",
                    "< they do >",
                    "< precisely >",
                    "< thats great yes >",
                    "< I am listening >",
                    "< evidently >",
                    "< thats great , yes >",
                    "< sounds wonderful >",
                    "< oh sure >",
                    "< you may have a point >",
                    "< a'ight >",
                    "< I agree >",
                    "< alright >",
                    "< 'kay >",
                    "< it does >",
                    "< ah yes >",
                    "< we did >",
                    "< I am >",
                    "< si >",
                    "< I can believe it >",
                    "< I can try >",
                    "< ok >",
                    "< of course >",
                    "< most assuredly >",
                    "< agreed >",
                    "< d'accord >",
                    "< I understand >",
                    "< generally >",
                    "< shure >",
                    "< yeah >",
                    "< go ahead with >",
                    "< sure >",
                    "< it is >",
                    "< yup >",
                    "< yeh >",
                    "< it will be my pleasure to >",
                    "< bring it on >",
                    "< yes really >",
                    "< I give my consent >",
                    "< I could not agree with you more >",
                    "< touche >",
                    "< perfect >",
                    "< indeed >",
                    "< fine >",
                    "< confirmed >",
                    "< yah >",
                    "< i guess >",
                    "< totally >",
                    "< completely >",
                    "< can not argue with that >",
                    "< indefinitely >",
                    "< accept >",
                    "< I have no objection >",
                    ":thumbsup:",
                    ":+1:"
                ],
                "~no": [
                    "< it is not >",
                    "< naah >",
                    "< it is unlikely >",
                    "< you must be joking >",
                    "< there is no reason to think so >",
                    "< not really >",
                    "< yeah yeah >",
                    "< not to speak of >",
                    "< disagree >",
                    "< he does not >",
                    "< naw >",
                    "< not on your life >",
                    "< I dont think so >",
                    "< you can not be serious >",
                    "< that is impossible >",
                    "< she is not >",
                    "< I am not sure I agree >",
                    "< we do not >",
                    "< none >",
                    "< not many >",
                    "< she does not >",
                    "< not by any means >",
                    "< you have got that wrong >",
                    "< never mind >",
                    "< I do not >",
                    "< no I am fine >",
                    "< nope >",
                    "< I would not >",
                    "< bollocks >",
                    "< come off it >",
                    "< I do not believe so >",
                    "< seldom >",
                    "< no way >",
                    "< impossible >",
                    "< you are winding me up >",
                    "< none of them >",
                    "< not likely >",
                    "< noo >",
                    "< do not be silly >",
                    "< I think not >",
                    "< naaah >",
                    "< neah >",
                    "< that is unbelievable >",
                    "< fortune does not smile on that >",
                    "< I am afraid not >",
                    "< I am not sure that I >",
                    "< on the contrary >",
                    "< no . >",
                    "< I just do not get it >",
                    "< if you say so >",
                    "< uhuh >",
                    "< unlikely >",
                    "< not especially >",
                    "< do not be ridiculous >",
                    "< unbelievable >",
                    "< not very often >",
                    "< I could not disagree more >",
                    "< you are kidding >",
                    "< neither of these >",
                    "< not much >",
                    "< iie >",
                    "< me thinks not >",
                    "< of course not >",
                    "< not a chance >",
                    "< doubtful >",
                    "< not that I know of >",
                    "< rubbish >",
                    "< none of these >",
                    "< not at the moment >",
                    "< I do not want to >",
                    "< by no means >",
                    "< negative >",
                    "< get out >",
                    "< no chance >",
                    "< but of course not >",
                    "< no >",
                    "< hardly >",
                    "< not by a long shot >",
                    "< false >",
                    "< fat chance >",
                    "< not exactly >",
                    "< but no >",
                    "< I disagree >",
                    "< you are dead wrong >",
                    "< it does not >",
                    "< improbable >",
                    "< not particularly >",
                    "< nah >",
                    "< no can do >",
                    "< hell no >",
                    "< you have got to be kidding >",
                    "< no I am ok >",
                    "< not a snowball 's chance in hell >",
                    "< nuts to you >",
                    "< did not >",
                    "< I am afraid I do not agree >",
                    "< you are joking >",
                    "< no - >",
                    "< I doubt it >",
                    "< uh-uh >",
                    "< do not be stupid >",
                    "< not in a million years >",
                    "< no I am good >",
                    "< not at all >",
                    "< they do not >",
                    "< most certainly not >",
                    "< I do not think so >",
                    "< not to my knowledge >",
                    "< you must be kidding >",
                    "< I am afraid I disagree with you >",
                    "< not any of them >",
                    "< unfortunately not >",
                    "< I refuse >",
                    "< oh come on >",
                    "< thinks not >",
                    "< I will not >",
                    "< no thank you >",
                    "< inconceivable >",
                    "< horse hockey >",
                    "< uh-hu >",
                    "< that is rubbish >",
                    "< get real >",
                    "< you are having me on >",
                    "< I do not believe you >",
                    "< you are not serious >",
                    "< strange >",
                    "< nay >",
                    "< I do not believe it >",
                    "< no thanks >",
                    "< surely not >",
                    "< not so much >",
                    "< no , >",
                    "< they are not >",
                    "< I do not agree >",
                    "< does not seem likely >",
                    "< neither >",
                    "< do not be absurd >",
                    "< never >",
                    "< it is not possible >",
                    "< he is not >",
                    "< does not seem possible >",
                    "< not sure >",
                    "< no ! >",
                    "< not a prayer >",
                    ":thumbsdown:",
                    ":-1:",
                    ":man-gesturing-no:",
                    ":woman-gesturing-no:"
                ]
            },
            "confidenceConfigs": [
                {
                    "mode": "ml",
                    "maxThreshold": 80,
                    "isActive": true,
                    "minThreshold": 0.6,
                    "exactMatchThreshold": 90
                },
                {
                    "mode": "faq",
                    "minThreshold": 60,
                    "maxThreshold": 80,
                    "isActive": true,
                    "taskMatchTolerance": 5,
                    "exactMatchThreshold": 95,
                    "suggestionsCount": 3,
                    "pathCoverage": 50,
                    "longResponses": {
                        "readMore": true
                    },
                    "useBotSynonyms": false,
                    "enPatternLemma": "wordnet",
                    "subType": "embeddingKG"
                },
                {
                    "mode": "cs",
                    "minThreshold": 60,
                    "maxThreshold": 80,
                    "isActive": true,
                    "wordCoverage": 60,
                    "labelMatch": false,
                    "isFMThreshold": false
                },
                {
                    "mode": "rr",
                    "isActive": true,
                    "threshold": 0,
                    "minThreshold": 0,
                    "maxThreshold": 0,
                    "taskMatchTolerance": 2,
                    "rrVersion": 1,
                    "isPreferDefinitiveMatch": true,
                    "intentRescoring": false
                }
            ],
            "nlpVersion": {
                "current": 3,
                "original": 3
            }
        }
    },
    "isNLEnabled": true,
    "multiLingualConfigurations": {
        "en": {
            "nluLanguage": "en",
            "inputTranslation": false,
            "responseTranslation": false
        }
    },
    "interruptOptions": {
        "interruptsEnabled": true,
        "numTasksToHold": "1",
        "type": {
            "option": "developer",
            "message": ""
        },
        "holdUxOptions": {
            "option": "discardCurrTaskNoNotify",
            "message": ""
        },
        "faqBehaviour": "respondAndResume",
        "smallTalkBehaviour": "respondAndResume",
        "showAmbiguous": true
    },
    "detectMultiIntent": false,
    "assignAllChildBots": true,
    "recentBotLimit": 5,
    "isCsMatchEnabled": false,
    "defaultDialogId": "3cd45fb6-1aae-54dc-bb15-436344e0b622",
    "advancedNLSettings": [
        {
            "_id": "anls-6e6fb8a4-b1fe-5015-83bb-dc486680df7b",
            "isCustom": false,
            "type": 1,
            "streamId": "st-e5669197-991d-5971-9417-a422368a0805",
            "language": "en",
            "nlpEngine": "ML",
            "configurationKeyName": "ml_suggestion_proximity",
            "configurationValue": 5,
            "requiresTraining": false,
            "state": "published",
            "refId": "68f6611b-119a-587a-b2c5-02bc08f99dec",
            "lastModifiedOn": "2023-08-18T11:20:33.411Z",
            "__v": 0
        },
        {
            "_id": "anls-a998edcb-02f1-5603-bae8-075684ffcdae",
            "isCustom": false,
            "type": 1,
            "streamId": "st-e5669197-991d-5971-9417-a422368a0805",
            "language": "en",
            "nlpEngine": "ML",
            "configurationKeyName": "network",
            "configurationValue": "Few-shot Model (Kore.ai Hosted Embeddings)",
            "requiresTraining": true,
            "state": "published",
            "refId": "69dbc597-2092-554f-b2e5-5cb0e75f043a",
            "lastModifiedOn": "2023-08-18T11:20:33.403Z",
            "__v": 0
        },
        {
            "_id": "anls-43308eb2-4ad1-541e-a729-ee683f16ee40",
            "isCustom": false,
            "type": 1,
            "streamId": "st-e5669197-991d-5971-9417-a422368a0805",
            "language": "en",
            "nlpEngine": "FM",
            "configurationKeyName": "exactTaskNameMatch",
            "configurationValue": false,
            "requiresTraining": false,
            "state": "published",
            "refId": "2f35cc36-1d3c-50ff-89b7-bd7a46a78ca7",
            "lastModifiedOn": "2023-08-18T11:20:33.412Z",
            "__v": 0
        },
        {
            "_id": "anls-9d91d9cc-112f-4508-8269-1e1bc1bd36e7",
            "isCustom": true,
            "configurationKeyName": "ML_RemovePunctuation",
            "configurationValue": ".,?!؟",
            "type": 1,
            "streamId": "st-e5669197-991d-5971-9417-a422368a0805",
            "language": "en",
            "nlpEngine": "ML",
            "state": "published",
            "requiresTraining": true,
            "refId": "646c3916-7f26-491f-ae3c-8015806f8db1",
            "lastModifiedOn": "2023-09-10T10:37:14.820Z"
        }
    ],
    "botEvents": {},
    "idpConfigurations": [],
    "actions": [],
    "alerts": [],
    "patterns": [],
    "dialogComponents": [
        {
            "_id": "dc-7663df38-a4d1-5e37-b612-25ac9397629b",
            "refId": "9066058a-b781-5cf4-bd4b-49b6b4b215a1",
            "name": "FallbackMsg",
            "piiDataEnabled": false,
            "serviceNodeType": "custom",
            "type": "message",
            "message": [
                {
                    "channel": "default",
                    "localeData": {
                        "en": {
                            "text": "I could not understand that. Can you rephrase?",
                            "type": "basic"
                        }
                    }
                },
                {
                    "channel": "default",
                    "localeData": {
                        "en": {
                            "text": "I am unable to find an answer. Please try something else.",
                            "type": "basic"
                        }
                    }
                }
            ],
            "applyDefaultTemplate": false,
            "localeData": {
                "en": {
                    "label": "FallbackMsg"
                }
            },
            "entityFields": {
                "cityAdvanced": []
            },
            "spellcorrectThreshold": 0,
            "preConditions": [],
            "vNameSpace": [],
            "useTaskLevelNs": true,
            "isSensitive": false
        },
        {
            "_id": "dc-b25629ed-fbc7-524e-9f3e-2080e4f07a55",
            "refId": "1653d709-a74f-54e4-bf75-c992175fbacc",
            "name": "Fallback_Task",
            "piiDataEnabled": false,
            "serviceNodeType": "custom",
            "type": "intent",
            "applyDefaultTemplate": false,
            "dialogId": "dg-f67695f9-748d-5247-b094-ae699fc89fc6",
            "localeData": {
                "en": {
                    "intent": "Fallback Task",
                    "desc": "Fallback Task"
                }
            },
            "entityFields": {
                "cityAdvanced": []
            },
            "spellcorrectThreshold": 0,
            "preConditions": [],
            "vNameSpace": [],
            "useTaskLevelNs": true,
            "isSensitive": false
        },
        {
            "_id": "dc-baacca35-57d3-5eba-80e4-b290b980f9e0",
            "refId": "db3ef9c2-6585-5bc5-bc8e-c2f7143ba41a",
            "name": "Sep28th",
            "piiDataEnabled": false,
            "serviceNodeType": "custom",
            "type": "intent",
            "applyDefaultTemplate": false,
            "dialogId": "dg-ba2f1494-68ad-5f0e-9b39-2ac2c3a90132",
            "localeData": {
                "en": {
                    "desc": "",
                    "intent": "Sep28th"
                }
            },
            "entityFields": {
                "cityAdvanced": []
            },
            "spellcorrectThreshold": 0,
            "preConditions": [],
            "vNameSpace": [],
            "useTaskLevelNs": true,
            "isSensitive": false
        },
        {
            "_id": "dc-d1562367-cb4a-50d5-ad70-b4ce9cf2122c",
            "refId": "dd6c7c68-5750-5f38-bf10-90357c10e15c",
            "name": "WelcomeMsg",
            "piiDataEnabled": false,
            "serviceNodeType": "custom",
            "type": "message",
            "message": [
                {
                    "channel": "default",
                    "localeData": {
                        "en": {
                            "text": "Hi, how can I help you?",
                            "type": "basic"
                        }
                    }
                },
                {
                    "channel": "default",
                    "localeData": {
                        "en": {
                            "text": "Hello, what can I do for you",
                            "type": "basic"
                        }
                    }
                }
            ],
            "applyDefaultTemplate": false,
            "localeData": {
                "en": {
                    "label": "WelcomeMsg"
                }
            },
            "entityFields": {
                "cityAdvanced": []
            },
            "spellcorrectThreshold": 0,
            "preConditions": [],
            "vNameSpace": [],
            "useTaskLevelNs": true,
            "isSensitive": false
        },
        {
            "_id": "dc-fc82cb8a-0361-54c9-92a0-942d158bca0b",
            "refId": "31d774ab-9579-5641-86ca-1e1d18e74816",
            "name": "Welcome_Task",
            "piiDataEnabled": false,
            "serviceNodeType": "custom",
            "type": "intent",
            "applyDefaultTemplate": false,
            "dialogId": "dg-33e0ee2d-e339-57de-9d69-6561fb672599",
            "localeData": {
                "en": {
                    "intent": "Welcome Task",
                    "desc": "Welcome Task"
                }
            },
            "entityFields": {
                "cityAdvanced": []
            },
            "spellcorrectThreshold": 0,
            "preConditions": [],
            "vNameSpace": [],
            "useTaskLevelNs": true,
            "isSensitive": false
        }
    ],
    "dialogs": [
        {
            "_id": "dg-f67695f9-748d-5247-b094-ae699fc89fc6",
            "refId": "3cd45fb6-1aae-54dc-bb15-436344e0b622",
            "nodes": [
                {
                    "nodeOptions": {
                        "customTags": {
                            "session": [],
                            "message": [],
                            "user": []
                        },
                        "transitionType": "auto",
                        "isRetriesExceeded": false,
                        "promptOptions": "required",
                        "reuseMarkedupPhrases": false,
                        "interruptOptions": {
                            "priority": "task"
                        },
                        "transitionMode": "initiateCurrentTask",
                        "inputHandlingOptions": "useAsEntityValue",
                        "reuseOptions": "1",
                        "userInputCorrection": true,
                        "noAutoCorrection": false,
                        "notForReuse": false,
                        "contextTags": [],
                        "message": [],
                        "errorMessage": []
                    },
                    "vNameSpace": [],
                    "preConditions": [],
                    "useTaskLevelNs": true,
                    "nodeId": "intent0",
                    "type": "intent",
                    "componentId": "dc-b25629ed-fbc7-524e-9f3e-2080e4f07a55",
                    "transitions": [
                        {
                            "default": "FallbackMsg",
                            "metadata": {
                                "color": "#299d8e",
                                "connId": "dummy0"
                            }
                        }
                    ],
                    "metadata": {
                        "top": 170,
                        "left": 30
                    },
                    "positionMeta": {
                        "left": 750,
                        "top": 100
                    }
                },
                {
                    "nodeOptions": {
                        "customTags": {
                            "session": [],
                            "message": [],
                            "user": []
                        },
                        "transitionType": "auto",
                        "isRetriesExceeded": false,
                        "promptOptions": "required",
                        "reuseMarkedupPhrases": false,
                        "interruptOptions": {
                            "priority": "task"
                        },
                        "transitionMode": "initiateCurrentTask",
                        "inputHandlingOptions": "useAsEntityValue",
                        "reuseOptions": "1",
                        "userInputCorrection": true,
                        "noAutoCorrection": false,
                        "notForReuse": false,
                        "contextTags": [],
                        "message": [],
                        "errorMessage": []
                    },
                    "vNameSpace": [],
                    "preConditions": [],
                    "useTaskLevelNs": true,
                    "transitions": [
                        {
                            "metadata": {
                                "connId": "dummy3",
                                "color": "#299d8e"
                            },
                            "default": ""
                        }
                    ],
                    "componentId": "dc-7663df38-a4d1-5e37-b612-25ac9397629b",
                    "type": "message",
                    "nodeId": "FallbackMsg",
                    "positionMeta": {
                        "left": 750,
                        "top": 240
                    }
                }
            ],
            "lname": "fallback task",
            "isHidden": true,
            "localeData": {
                "en": {
                    "name": "Fallback Task",
                    "shortDesc": "Fallback Task"
                }
            },
            "groups": [],
            "isFollowUp": true,
            "isAbandonment": false,
            "interruptOptions": {
                "priority": "bot"
            },
            "contextLifeTime": {
                "options": "close"
            },
            "amendConfig": {
                "priority": "bot"
            },
            "sceneRefId": "d64013c3-5349-56e7-ab4b-ba61ad80b3fb",
            "vNameSpace": [
                "5535076d-5b61-5dc0-993a-93100d585935"
            ]
        },
        {
            "_id": "dg-ba2f1494-68ad-5f0e-9b39-2ac2c3a90132",
            "refId": "9d8d1702-61ba-533f-acfb-a328b50bccee",
            "nodes": [
                {
                    "nodeOptions": {
                        "customTags": {
                            "session": [],
                            "message": [],
                            "user": []
                        },
                        "transitionType": "auto",
                        "isRetriesExceeded": false,
                        "promptOptions": "required",
                        "reuseMarkedupPhrases": false,
                        "interruptOptions": {
                            "priority": "task"
                        },
                        "transitionMode": "initiateCurrentTask",
                        "inputHandlingOptions": "useAsEntityValue",
                        "reuseOptions": "1",
                        "userInputCorrection": true,
                        "noAutoCorrection": false,
                        "notForReuse": false,
                        "contextTags": [],
                        "message": [],
                        "errorMessage": []
                    },
                    "vNameSpace": [],
                    "preConditions": [],
                    "useTaskLevelNs": true,
                    "nodeId": "intent0",
                    "type": "intent",
                    "componentId": "dc-baacca35-57d3-5eba-80e4-b290b980f9e0",
                    "transitions": [
                        {
                            "default": "",
                            "metadata": {
                                "color": "#299d8e",
                                "connId": "dummy0"
                            }
                        }
                    ],
                    "metadata": {
                        "left": 30,
                        "top": 120
                    },
                    "positionMeta": {
                        "left": 728.5,
                        "top": 100
                    }
                }
            ],
            "lname": "sep28th",
            "isHidden": false,
            "localeData": {
                "en": {
                    "name": "Sep28th",
                    "shortDesc": ""
                }
            },
            "groups": [],
            "isFollowUp": false,
            "isAbandonment": false,
            "interruptOptions": {
                "priority": "bot"
            },
            "contextLifeTime": {
                "options": "close"
            },
            "amendConfig": {
                "priority": "bot"
            },
            "sceneRefId": "65128418-88c4-50c1-b638-7b67f08a5212",
            "vNameSpace": [
                "5535076d-5b61-5dc0-993a-93100d585935"
            ]
        },
        {
            "_id": "dg-33e0ee2d-e339-57de-9d69-6561fb672599",
            "refId": "716a6e33-96fa-5cb9-95d9-078bda0ba190",
            "nodes": [
                {
                    "nodeOptions": {
                        "customTags": {
                            "session": [],
                            "message": [],
                            "user": []
                        },
                        "transitionType": "auto",
                        "isRetriesExceeded": false,
                        "promptOptions": "required",
                        "reuseMarkedupPhrases": false,
                        "interruptOptions": {
                            "priority": "task"
                        },
                        "transitionMode": "initiateCurrentTask",
                        "inputHandlingOptions": "useAsEntityValue",
                        "reuseOptions": "1",
                        "userInputCorrection": true,
                        "noAutoCorrection": false,
                        "notForReuse": false,
                        "contextTags": [],
                        "message": [],
                        "errorMessage": []
                    },
                    "vNameSpace": [],
                    "preConditions": [],
                    "useTaskLevelNs": true,
                    "nodeId": "intent0",
                    "type": "intent",
                    "componentId": "dc-fc82cb8a-0361-54c9-92a0-942d158bca0b",
                    "transitions": [
                        {
                            "default": "message3",
                            "metadata": {
                                "color": "#299d8e",
                                "connId": "dummy0"
                            }
                        }
                    ],
                    "metadata": {
                        "top": 170,
                        "left": 30
                    },
                    "positionMeta": {
                        "left": 750,
                        "top": 100
                    }
                },
                {
                    "nodeOptions": {
                        "customTags": {
                            "session": [],
                            "message": [],
                            "user": []
                        },
                        "transitionType": "auto",
                        "isRetriesExceeded": false,
                        "promptOptions": "required",
                        "reuseMarkedupPhrases": false,
                        "interruptOptions": {
                            "priority": "task"
                        },
                        "transitionMode": "initiateCurrentTask",
                        "inputHandlingOptions": "useAsEntityValue",
                        "reuseOptions": "1",
                        "userInputCorrection": true,
                        "noAutoCorrection": false,
                        "notForReuse": false,
                        "contextTags": [],
                        "message": [],
                        "errorMessage": []
                    },
                    "vNameSpace": [],
                    "preConditions": [],
                    "useTaskLevelNs": true,
                    "transitions": [
                        {
                            "metadata": {
                                "connId": "dummy3",
                                "color": "#299d8e"
                            },
                            "default": ""
                        }
                    ],
                    "componentId": "dc-d1562367-cb4a-50d5-ad70-b4ce9cf2122c",
                    "type": "message",
                    "nodeId": "message3",
                    "positionMeta": {
                        "left": 750,
                        "top": 240
                    }
                }
            ],
            "lname": "welcome task",
            "isHidden": true,
            "localeData": {
                "en": {
                    "name": "Welcome Task",
                    "shortDesc": "Welcome Task"
                }
            },
            "groups": [],
            "isFollowUp": true,
            "isAbandonment": false,
            "interruptOptions": {
                "priority": "bot"
            },
            "contextLifeTime": {
                "options": "close"
            },
            "amendConfig": {
                "priority": "bot"
            },
            "sceneRefId": "64e75d89-3796-5b10-bf48-e03a52895109",
            "vNameSpace": [
                "5535076d-5b61-5dc0-993a-93100d585935"
            ]
        }
    ],
    "scenes": [
        {
            "_id": "sn-582ee35a-68b2-5b1a-8ee6-8c59c1893ce4",
            "botstoreInfo": [
                {
                    "type": "interactive",
                    "isSecured": false,
                    "link": "4176484931786f374f3635efbfbdefbfbdefbfbd"
                }
            ],
            "components": {
                "snc-a0772a25-cbde-5fcd-bb15-246780296697": {
                    "childs": [],
                    "parentId": null,
                    "seqId": "Id1"
                }
            },
            "currentSeqId": 1,
            "description": "Fallback Task",
            "dialogLinks": {
                "snc-a0772a25-cbde-5fcd-bb15-246780296697": {
                    "dialogRefId": "3cd45fb6-1aae-54dc-bb15-436344e0b622"
                }
            },
            "dialogRefId": "3cd45fb6-1aae-54dc-bb15-436344e0b622",
            "messageLinks": {},
            "name": "Fallback Task",
            "refId": "d64013c3-5349-56e7-ab4b-ba61ad80b3fb",
            "sceneLinkedBy": [],
            "sceneLinks": {},
            "sceneType": "dialogScene",
            "status": "inProgress",
            "streamId": "st-e5669197-991d-5971-9417-a422368a0805",
            "tags": [],
            "widgetThemeId": "wth-5e3e0d371dbd0c312e39726d",
            "resourceid": "scenes"
        },
        {
            "_id": "sn-aa124d7a-c818-54e6-a079-39f6add08622",
            "botstoreInfo": [
                {
                    "type": "interactive",
                    "isSecured": false,
                    "link": "69355055306d366e4163414631"
                }
            ],
            "components": {
                "snc-ea7990c6-eb64-53ea-8938-dd154deef385": {
                    "childs": [],
                    "parentId": null,
                    "seqId": "Id1"
                }
            },
            "currentSeqId": 1,
            "description": "",
            "dialogLinks": {
                "snc-ea7990c6-eb64-53ea-8938-dd154deef385": {
                    "dialogRefId": "9d8d1702-61ba-533f-acfb-a328b50bccee"
                }
            },
            "dialogRefId": "9d8d1702-61ba-533f-acfb-a328b50bccee",
            "messageLinks": {},
            "name": "Sep28th",
            "refId": "65128418-88c4-50c1-b638-7b67f08a5212",
            "sceneLinkedBy": [],
            "sceneLinks": {},
            "sceneType": "dialogScene",
            "status": "In Progress",
            "streamId": "st-e5669197-991d-5971-9417-a422368a0805",
            "tags": [],
            "widgetThemeId": "wth-5e3e0d371dbd0c312e39726d",
            "resourceid": "scenes"
        },
        {
            "_id": "sn-d20c4c91-e25d-5993-ad7c-449239898150",
            "botstoreInfo": [
                {
                    "type": "interactive",
                    "isSecured": false,
                    "link": "3869723472396835c58d71efbfbdefbfbd65"
                }
            ],
            "components": {
                "snc-368fae18-db92-5358-93ed-48cc1fc4ebb2": {
                    "childs": [],
                    "parentId": null,
                    "seqId": "Id1"
                }
            },
            "currentSeqId": 1,
            "description": "Welcome Task",
            "dialogLinks": {
                "snc-368fae18-db92-5358-93ed-48cc1fc4ebb2": {
                    "dialogRefId": "716a6e33-96fa-5cb9-95d9-078bda0ba190"
                }
            },
            "dialogRefId": "716a6e33-96fa-5cb9-95d9-078bda0ba190",
            "messageLinks": {},
            "name": "Welcome Task",
            "refId": "64e75d89-3796-5b10-bf48-e03a52895109",
            "sceneLinkedBy": [],
            "sceneLinks": {},
            "sceneType": "dialogScene",
            "status": "inProgress",
            "streamId": "st-e5669197-991d-5971-9417-a422368a0805",
            "tags": [],
            "widgetThemeId": "wth-5e3e0d371dbd0c312e39726d",
            "resourceid": "scenes"
        }
    ],
    "sceneComponents": [
        {
            "_id": "snc-368fae18-db92-5358-93ed-48cc1fc4ebb2",
            "state": 0,
            "msg": {
                "type": "text",
                "payload": {
                    "text": "Dialog Conversation Started"
                }
            },
            "type": "note",
            "refId": "b36de03b-cfe4-5fd8-adac-91c8bcfc5d23",
            "comments": [],
            "sceneId": "sn-d20c4c91-e25d-5993-ad7c-449239898150",
            "streamId": "st-e5669197-991d-5971-9417-a422368a0805"
        },
        {
            "_id": "snc-a0772a25-cbde-5fcd-bb15-246780296697",
            "state": 0,
            "msg": {
                "type": "text",
                "payload": {
                    "text": "Dialog Conversation Started"
                }
            },
            "type": "note",
            "refId": "0d1e1cd8-d215-5f86-8779-dfd62d3b7d15",
            "comments": [],
            "sceneId": "sn-582ee35a-68b2-5b1a-8ee6-8c59c1893ce4",
            "streamId": "st-e5669197-991d-5971-9417-a422368a0805"
        },
        {
            "_id": "snc-ea7990c6-eb64-53ea-8938-dd154deef385",
            "state": 0,
            "msg": {
                "type": "text",
                "payload": {
                    "text": "Dialog Conversation Started"
                }
            },
            "type": "note",
            "refId": "58adbf3b-0ce5-5863-9715-5603a3fd49fc",
            "comments": [],
            "sceneId": "sn-aa124d7a-c818-54e6-a079-39f6add08622",
            "streamId": "st-e5669197-991d-5971-9417-a422368a0805"
        }
    ],
    "widgetThemes": [
        {
            "_id": "wth-5e3e0d371dbd0c312e39726d",
            "theme": "Default light theme",
            "widgetBgColor": "#FFFFFF",
            "widgetTextColor": "#26344A",
            "widgetBorderColor": "#EEEEEE",
            "widgetDividerColor": "#e5e8ec",
            "userchatBgColor": "#EFF4FF",
            "userchatTextColor": "#26344A",
            "botchatBgColor": "#F4F4F4",
            "botchatTextColor": "#26344A",
            "buttonActiveBgColor": "#FFFFFF",
            "buttonActiveTextColor": "#26344A",
            "buttonInactiveBgColor": "#FFFFFF",
            "buttonInactiveTextColor": "#26344A",
            "isdefaultWidget": true
        }
    ],
    "knowledgeTasks": [],
    "smallTalk": [
        {
            "language": "en",
            "groups": [
                {
                    "groupName": "greetings",
                    "groupId": "smg-a1a0d735-60ea-5f7c-be52-f2e080d92a41",
                    "vNameSpace": [
                        "5535076d-5b61-5dc0-993a-93100d585935"
                    ],
                    "nodes": [
                        {
                            "userUtterances": [
                                {
                                    "text": "~ibedone"
                                }
                            ],
                            "botUtterances": [
                                {
                                    "channel": "default",
                                    "text": "Right, then.",
                                    "type": "basic",
                                    "_id": "mt-1c1669f7-54eb-5bd9-bb05-64c885757725"
                                },
                                {
                                    "channel": "default",
                                    "text": "Alright. ",
                                    "type": "basic",
                                    "_id": "mt-aa965d9d-55a8-526d-83a8-e7778ae8a79a"
                                }
                            ],
                            "state": "published",
                            "language": "en",
                            "refId": "a3295ea3-17ca-51cb-9174-4155759020ed",
                            "seq": 6,
                            "nodeId": "smn-26a33606-7312-56f9-a7ac-f1075a0453d8"
                        },
                        {
                            "userUtterances": [
                                {
                                    "text": "~emogoodbye"
                                }
                            ],
                            "botUtterances": [
                                {
                                    "channel": "default",
                                    "text": "Have a good one!",
                                    "type": "basic",
                                    "_id": "mt-e15581a8-f0f7-5eda-aac2-a85565f8638d"
                                },
                                {
                                    "channel": "default",
                                    "text": "OK, bye for now! ",
                                    "type": "basic",
                                    "_id": "mt-6966c9c6-5c74-565e-8f78-a4c0e84afe63"
                                }
                            ],
                            "state": "published",
                            "language": "en",
                            "refId": "020a0fc4-cac9-52c4-ae71-dfd35e8a618c",
                            "seq": 7,
                            "nodeId": "smn-3d501a49-e0a1-5af2-96ce-d43052b1a258"
                        },
                        {
                            "userUtterances": [
                                {
                                    "text": "~positiveackwords"
                                }
                            ],
                            "botUtterances": [
                                {
                                    "channel": "default",
                                    "text": "Always great to be able to help. ",
                                    "type": "basic",
                                    "_id": "mt-813a0b12-48b5-5d46-995b-f5e68d93a135"
                                },
                                {
                                    "channel": "default",
                                    "text": "Glad I could be of some help.",
                                    "type": "basic",
                                    "_id": "mt-e39c8980-ec1e-522a-ad56-0b5fda0fcbe9"
                                },
                                {
                                    "channel": "default",
                                    "text": "Glad I could help. ",
                                    "type": "basic",
                                    "_id": "mt-881e3d0f-5159-5329-af8f-36e72cf62f6f"
                                },
                                {
                                    "channel": "default",
                                    "text": "Glad I could be of assistance. ",
                                    "type": "basic",
                                    "_id": "mt-1aadc463-69ae-595f-bc90-f3327b4e1646"
                                }
                            ],
                            "state": "published",
                            "language": "en",
                            "refId": "bd3188ed-fc29-5c2c-a9ed-953437754056",
                            "seq": 4,
                            "nodeId": "smn-40d67abb-372e-5ce9-8aaf-52269c3f5586"
                        },
                        {
                            "userUtterances": [
                                {
                                    "text": "!n ~no"
                                }
                            ],
                            "botUtterances": [
                                {
                                    "channel": "default",
                                    "text": "OK. ",
                                    "type": "basic",
                                    "_id": "mt-4a86bb24-3ca2-505c-8c73-9a51f43d0367"
                                },
                                {
                                    "channel": "default",
                                    "text": "Alright.",
                                    "type": "basic",
                                    "_id": "mt-050b678a-34f6-51bb-a15b-7c3496b9a4dd"
                                }
                            ],
                            "state": "published",
                            "language": "en",
                            "refId": "d146dfb9-566a-578f-9587-c309250bbd48",
                            "seq": 5,
                            "nodeId": "smn-45e10c89-8864-532f-8091-4b660e14abce"
                        },
                        {
                            "userUtterances": [
                                {
                                    "text": "What ~your name"
                                },
                                {
                                    "text": "what ~you called"
                                },
                                {
                                    "text": "< who be ~you { ? } >"
                                },
                                {
                                    "text": "< tell about yourself >"
                                },
                                {
                                    "text": "< what be [~you ~your] [call name] { ? } >"
                                }
                            ],
                            "botUtterances": [
                                {
                                    "channel": "default",
                                    "text": "I'm <display-bot-name>.",
                                    "type": "basic",
                                    "_id": "mt-65c7c68d-de76-5235-b604-21837c5bb947"
                                }
                            ],
                            "state": "published",
                            "language": "en",
                            "refId": "b63036d6-88d5-532b-9bb3-1b18ba9d5ba5",
                            "seq": 2,
                            "nodeId": "smn-67672cba-579d-5fda-a48b-bb0606ff6711"
                        },
                        {
                            "userUtterances": [
                                {
                                    "text": "~emohowzit"
                                }
                            ],
                            "botUtterances": [
                                {
                                    "channel": "default",
                                    "text": "I'm good. Thank you.",
                                    "type": "basic",
                                    "_id": "mt-bf187fba-cfe9-5bf4-a1b0-45a4e79008f7"
                                }
                            ],
                            "state": "published",
                            "language": "en",
                            "refId": "a78cdf8c-bf61-52c2-9e78-d510e2424791",
                            "seq": 1,
                            "nodeId": "smn-67d4dc74-2e79-543c-8dc8-e76a322f6e41"
                        },
                        {
                            "userUtterances": [
                                {
                                    "text": "!y ~yes"
                                },
                                {
                                    "text": "get_it"
                                },
                                {
                                    "text": "i_understand"
                                }
                            ],
                            "botUtterances": [
                                {
                                    "channel": "default",
                                    "text": "Right, then.",
                                    "type": "basic",
                                    "_id": "mt-f339ab4c-8dde-535f-b391-1d63c86bf024"
                                },
                                {
                                    "channel": "default",
                                    "text": "OK, great! ",
                                    "type": "basic",
                                    "_id": "mt-891b4f8a-3555-55c8-bc7e-52ea205276e8"
                                },
                                {
                                    "channel": "default",
                                    "text": "Alright. ",
                                    "type": "basic",
                                    "_id": "mt-9a2bfcc3-e83f-5b06-a8b1-3e9374002c61"
                                }
                            ],
                            "state": "published",
                            "language": "en",
                            "refId": "aa3d100f-0541-5c84-a205-12a9e297fbc9",
                            "seq": 9,
                            "nodeId": "smn-68b7ed06-789a-54d1-b7a8-b7c59a808e86"
                        },
                        {
                            "userUtterances": [
                                {
                                    "text": "thanks"
                                },
                                {
                                    "text": "thank ~you"
                                }
                            ],
                            "botUtterances": [
                                {
                                    "channel": "default",
                                    "text": "You're welcome.",
                                    "type": "basic",
                                    "_id": "mt-216bac7a-992d-5e3a-a19c-c27c41583a30"
                                }
                            ],
                            "state": "published",
                            "language": "en",
                            "refId": "116ab494-ece7-5a18-88a4-b4b58d17ccaf",
                            "seq": 8,
                            "nodeId": "smn-a0aedb45-7989-5bcf-b0ee-bcac5622cc3d"
                        },
                        {
                            "userUtterances": [
                                {
                                    "text": "~emohappy"
                                }
                            ],
                            "botUtterances": [
                                {
                                    "channel": "default",
                                    "text": "Glad I could help. ",
                                    "type": "basic",
                                    "_id": "mt-95314532-7ef3-5d8a-96e2-0c577b1618ae"
                                },
                                {
                                    "channel": "default",
                                    "text": "Glad you are happy.",
                                    "type": "basic",
                                    "_id": "mt-361d34e6-61f0-5f4c-b58b-7b61116fd778"
                                }
                            ],
                            "state": "published",
                            "language": "en",
                            "refId": "011a1ab5-bfd1-51ee-b141-136fc10878d1",
                            "seq": 3,
                            "nodeId": "smn-dee0e210-8712-5420-8181-26e39d4a417f"
                        },
                        {
                            "userUtterances": [
                                {
                                    "text": "~emohello"
                                }
                            ],
                            "botUtterances": [
                                {
                                    "channel": "default",
                                    "text": "Hello ",
                                    "type": "basic",
                                    "_id": "mt-28c1141c-fb7c-5dbb-bd45-82ed402b1c2e"
                                },
                                {
                                    "channel": "default",
                                    "text": "Hi! ",
                                    "type": "basic",
                                    "_id": "mt-1f106bba-9c79-5ad5-a275-6ba73c1839a3"
                                },
                                {
                                    "channel": "default",
                                    "text": "Hi there! ",
                                    "type": "basic",
                                    "_id": "mt-15429688-916a-5134-b0f0-153416c71bd4"
                                },
                                {
                                    "channel": "default",
                                    "text": "Hey :)",
                                    "type": "basic",
                                    "_id": "mt-ec149151-7417-5b92-9a29-68add1e4bc1e"
                                }
                            ],
                            "state": "published",
                            "language": "en",
                            "refId": "1a5cf8a5-e788-5e0b-a424-c15d70111677",
                            "seq": 0,
                            "nodeId": "smn-fc432f58-fbc5-52c0-baf2-12e0e1a96ab4"
                        }
                    ],
                    "count": 9
                }
            ]
        }
    ],
    "widgets": [],
    "panels": [],
    "unexportedTasks": [],
    "customDashboards": [],
    "paramMaps": [],
    "taskDgParamMaps": [],
    "sentences": [],
    "koraResponses": [],
    "customTemplates": [],
    "mlParams": [
        {
            "language": "en",
            "state": "published",
            "type": 1,
            "dialogIntents": [],
            "intentData": {
                "stopwords": "a about above abst accordance according accordingly across act actually adj  affected affecting affects afterwards again against ah all almost alone along  already also although always am among amongst an and announce another any anybody anyhow  anymore anyone anything anyway anyways anywhere apparently approximately are aren arent  arise around as aside ask asking at auth away awfully  b back be became because become becomes becoming been before beforehand begin beginning  beginnings begins behind being believe below beside besides between beyond biol both brief  briefly but by  c ca came cause causes certain certainly co com come comes contain  containing contains could couldnt  d did didn't different do does doesn't doing done don't down downwards during  e each ed edu effect eg either else elsewhere end ending enough especially  et et-al etc even ever every everybody everyone everything everywhere ex except  f far few ff fix followed following follows for former formerly forth  found from further furthermore  g gave get gets give given gives giving goes gone got gotten  h had happens hardly has hasn't haven't he hed hello hence her here hereafter hereby  herein heres hereupon hers herself hes hi hid him himself his hither home how howbeit however  i ie if i'll im immediate immediately importance important in inc indeed index information  instead into invention inward is isn't it itd it'll its itself i've 'm  j just  k keep keeps kept kg km know known knows  l largely last lately later latter latterly least less lest let lets like liked likely  line little 'll ltd  m made mainly make makes many may maybe me mean means meantime meanwhile merely mg  might miss ml more moreover most mostly mr mrs much mug must my myself  n na namely nay nd near nearly necessarily necessary needs neither never  nevertheless new next no nobody non none nonetheless noone nor normally  nos noted nothing now nowhere  o obtain obtained obviously of off often oh ok okay old omitted on once one ones only onto  or ord other others otherwise ought our ours ourselves over overall owing own  p page pages part particular particularly past per perhaps placed please plus poorly  possible possibly pp present previously primarily probably  promptly proud provides put q que quickly quite qv r ran rather rd re readily really  recent recently ref refs regarding regardless regards related relatively research  respectively resulted resulting results right run  s said same saw say saying says sec section see seeing seem seemed seeming seems seen  self selves sent seven several shall she shed she'll shes should shouldn't show showed  shown showns shows significant significantly similar similarly since slightly so some  somebody somehow someone somethan something sometime sometimes somewhat somewhere soon  sorry specifically specified specify specifying still stop strongly sub substantially  successfully such sufficiently sup sure  t take taken taking tell tends th than thank thanks thanx that that'll thats that've  the their theirs them themselves then thence there thereafter thereby thered therefore  therein there'll thereof therere theres thereto thereupon there've these they theyd they'll  theyre they've think this those thou though thoughh thousand throug through throughout  thru thus til tip to together too took toward towards tried tries truly try trying ts  twice u un under unfortunately unless unlike unlikely until unto up upon ups us use used useful  usefully usefulness uses using usually  v value various 've very via viz vol vols vs  w want wants was wasnt way we wed welcome we'll went were werent we've what whatever  what'll whats when whence whenever where whereafter whereas whereby wherein wheres  whereupon wherever whether which while whim whither who whod whoever whole who'll whom  whomever whos whose why widely willing wish with within without wont words world would  wouldnt www x y yes yet you youd you'll your youre yours yourself yourselves you've  z zero hey hello howdy bro good morning afternoon noon night bye thanks yeah yo no kk"
            },
            "intentParams": {
                "type": "V3",
                "minngram": 1,
                "maxngram": 4,
                "ngram": [
                    1,
                    1
                ],
                "useSynonyms": false,
                "f_negation": false,
                "useStopwords": false,
                "usePlaceholders": true,
                "useTestPlaceholders": false,
                "features": "n_gram",
                "skip_gram": {
                    "seqLength": 2,
                    "maxSkipDistance": 1
                }
            },
            "isDefault": false,
            "mlConfigurations": {
                "NoneIntent": true,
                "ML_Add_FAQS_To_NoneIntent": true,
                "NoneIntentCustomTraining": false
            },
            "nerParams": {
                "type": "corenlp",
                "thresholdValue": 0
            },
            "utterances": [],
            "btutterances": []
        }
    ],
    "contentVariables": [],
    "namespaces": [],
    "exportOptions": {
        "tasks": [
            "botTask",
            "knowledgeGraph",
            "smallTalk"
        ],
        "nlpData": [],
        "settings": [],
        "subTasks": {
            "dialogs": [
                "dg-91085f68-3ff6-5cb6-a28f-4de3b2aaa1b9",
                "dg-f67695f9-748d-5247-b094-ae699fc89fc6",
                "dg-5f62a601-ccc3-5810-9ce0-114831b5542b",
                "dg-ba2f1494-68ad-5f0e-9b39-2ac2c3a90132",
                "dg-48f1c174-2681-59a6-8006-2678fbe6b3d9",
                "dg-33e0ee2d-e339-57de-9d69-6561fb672599"
            ],
            "alerts": [],
            "actions": [],
            "forms": []
        },
        "IncludeDependentTasks": true
    },
    "environmentVersionInfo": "9.1.7",
    "traits": [],
    "encryptedHash": "69ba86e448ee758a724daa3bf42ba732"
}