{
    "_id": "st-fa3c2d6e-128d-5e18-a60a-eca34e4a9132",
    "refId": "71d2f2c8-d290-55ef-bb45-331a9f48a2b9",
    "purpose": "customer",
    "type": "default",
    "defaultLanguage": "en",
    "supportedLanguages": [
        "en"
    ],
    "languagePreferences": {
        "type": "perVolley"
    },
    "localeData": {
        "en": {
            "name": "Demobot1",
            "errorCodes": {
                "pollError": []
            },
            "isSmalltalkMigrated": true,
            "description": "Use this option when none of the predefined purposes match your bot’s purpose.",
            "nlMeta": {
                "mlUtterances": 19,
                "patterns": 0,
                "synonyms": 708
            },
            "keywords": [],
            "synonyms": {
                "create": [
                    "new",
                    "add",
                    "assemble",
                    "build",
                    "compose",
                    "construct",
                    "contrive",
                    "create",
                    "design",
                    "generate",
                    "instantiate",
                    "invent",
                    "make",
                    "manufacture",
                    "produce",
                    "synthesize",
                    "synthetise",
                    "synthetize",
                    "write"
                ],
                "alter": [
                    "adjust",
                    "alter",
                    "amend",
                    "renovate",
                    "revise",
                    "modify",
                    "revamp",
                    "reshape",
                    "reconstruct",
                    "recast",
                    "change",
                    "update"
                ],
                "add": [
                    "insert",
                    "append",
                    "attach",
                    "add"
                ],
                "delete": [
                    "abolish",
                    "annihilate",
                    "delete",
                    "demolish",
                    "destroy",
                    "efface",
                    "erase",
                    "eliminate",
                    "obliterate"
                ],
                "get": [
                    "find",
                    "garner",
                    "gather",
                    "get",
                    "grab",
                    "obtain",
                    "retrieve",
                    "show",
                    "display",
                    "give"
                ],
                "list": [
                    "enumerate",
                    "list",
                    "name",
                    "tell"
                ],
                "comment": [
                    "comment",
                    "annotate",
                    "describe"
                ],
                "pick": [
                    "choose",
                    "decide",
                    "handpick",
                    "pick",
                    "prefer",
                    "recommend",
                    "select",
                    "suggest"
                ],
                "request": [
                    "ask",
                    "request"
                ],
                "post": [
                    "post",
                    "put",
                    "place",
                    "submit"
                ],
                "top": [
                    "top",
                    "valuable",
                    "best",
                    "foremost",
                    "peak"
                ],
                "recent": [
                    "recent",
                    "new"
                ],
                "customer": [
                    "customer",
                    "client",
                    "user"
                ],
                "info": [
                    "detail",
                    "specific",
                    "information",
                    "info"
                ],
                "rank": [
                    "rating",
                    "rate",
                    "rank"
                ],
                "item": [
                    "stock",
                    "inventory",
                    "item",
                    "product"
                ],
                "~you": [
                    "you",
                    "u"
                ],
                "~your": [
                    "Your"
                ],
                "~emohowzit": [
                    "< how is it going >",
                    "< whazzupp >",
                    "< ca va >",
                    "< what'up >",
                    "< how are u doing >",
                    "< how_are_you >",
                    "< how have u been today >",
                    "< watsup >",
                    "< how is by you >",
                    "< what is going on >",
                    "< how have u been doing today >",
                    "< how do u do >",
                    "< is everything OK >",
                    "< how are you today >",
                    "< how is your day >",
                    "< how_are_u >",
                    "< how have u been doing >",
                    "< how goes things >",
                    "< how is life >",
                    "< how_have_u_been_doing >",
                    "< howzit >",
                    "< how goes >",
                    "< how are u today >",
                    "< heya >",
                    "< how_do_u_do >",
                    "< what is the word >",
                    "< how have u been >",
                    "< what up >",
                    "< what is happening >",
                    "< whatcha upto >",
                    "< how are you >",
                    "< what is up >",
                    "< how you feeling >",
                    "< how are things >",
                    "< comment est vous >",
                    "< how_are_u_doing >",
                    "< how are u doing today >",
                    "< how are u >",
                    "< is everything alright >",
                    "< what is the latest word >",
                    "< how is everything >",
                    "< how have you been doing >",
                    "< what is up today >",
                    "< wassup >",
                    "< what is new >",
                    "< how you doing >",
                    "< how do you do >",
                    "< how goes it >",
                    "< how is tricks >",
                    "< how have you been >",
                    "< how_have_u_been >",
                    "< comment ca va >"
                ],
                "~emohello": [
                    "< good to meet you >",
                    "< greetings >",
                    "< konban wa >",
                    "< nice to see you >",
                    "< hey there >",
                    "< top of the morning to you >",
                    "< nice to meet you >",
                    "< hella >",
                    "< Hi >",
                    "< konbanwa >",
                    "< mornin' >",
                    "< hello there >",
                    "< konnichi wa >",
                    "< cheers >",
                    "< salutations >",
                    "< good morning >",
                    "< top of the morning >",
                    "< goodevening >",
                    "< goodmorning >",
                    "< aloha >",
                    "< welcome >",
                    "< hello >",
                    "< ohayou >",
                    "< konnichiwa >",
                    "< hi there >",
                    "< hello and welcome >",
                    "< goodday >",
                    "< hi_there >",
                    "< good day >",
                    "< hey you >",
                    "< hallo >",
                    "< goodafternoon >",
                    "< howdy >",
                    "< hey >",
                    "< gidday >",
                    "< hola >",
                    "< hiya >",
                    "< hi >",
                    "< hi you all >",
                    "< hey , there >",
                    "< good evening >",
                    "< good to see you again >",
                    "< good afternoon >",
                    "< hii >",
                    ":wave:",
                    ":pray:",
                    ":right-facing_fist:",
                    ":handshake:",
                    ":left-facing_fist:"
                ],
                "~emohappy": [
                    "< whoopie >",
                    "< nice_one >",
                    "< yowzit >",
                    "< :D >",
                    "< congrats >",
                    "< boo-yah >",
                    "< :} >",
                    "< :] >",
                    "< hooray >",
                    "< in-fucking-credible >",
                    "< yippy >",
                    "< :) >",
                    "< attaboy >",
                    "< congratulations >",
                    "< hip_hip_hooray >",
                    "< congratudolences >",
                    "< attagirl >",
                    "< bravo >",
                    "< yahoo >",
                    "< good_for_you >",
                    "< nice >",
                    ":grinning:",
                    ":grin:",
                    ":joy:",
                    ":smiley:",
                    ":smile:",
                    ":sweat_smile:",
                    ":laughing:",
                    ":satisfied:",
                    ":wink:",
                    ":blush:",
                    ":yum:",
                    ":heart_eyes:",
                    ":kissing:",
                    ":kissing_heart:",
                    ":stuck_out_tongue:",
                    ":stuck_out_tongue_winking_eye:",
                    ":stuck_out_tongue_closed_eyes:",
                    ":smile_cat:",
                    ":joy_cat:",
                    ":smiley_cat:",
                    ":heart_eyes_cat:",
                    ":i_love_you_hand_sign:",
                    ":star-struck:",
                    ":grinning_face_with_star_eyes:"
                ],
                "~positiveackwords": [
                    "< awesome >",
                    "< good >",
                    "< fair_enough >",
                    "~helpwords",
                    "< cool >",
                    "< great >",
                    ":relieved:",
                    ":ok_hand:",
                    ":hugging_face:",
                    ":woman-bowing:",
                    ":man-bowing:",
                    ":bow:",
                    ":the_horns:"
                ],
                "~helpwords": [
                    "< it_help >",
                    "< a_help >"
                ],
                "~ibedone": [
                    "< that_is_it >",
                    "< I_am_done >",
                    "< it_for_now >",
                    "~done",
                    "< that_is_all >"
                ],
                "~done": [
                    "< Done >",
                    ":+1:",
                    ":thumbsup:"
                ],
                "~emogoodbye": [
                    "< good_bye >",
                    "< call_it_a_night >",
                    "< I_have_to_run >",
                    "< have_a_better_ >",
                    "< take_care_of_yourself >",
                    "< bai_bai >",
                    "< it_was_nice_to_meet_you >",
                    "< time_to_be >",
                    "< have_to_leave >",
                    "< see_you >",
                    "< I_need_to_go >",
                    "< ttyl >",
                    "< gator >",
                    "< have_to_stop >",
                    "< have_a_good_weekend >",
                    "< later_ >",
                    "< goodbye >",
                    "< I_have_to_leave_you >",
                    "< have_a_great_evening >",
                    "< good-by >",
                    "< see_you_later_,_aligator >",
                    "< Goodnight >",
                    "< later >",
                    "< got_to_go >",
                    "< byebye >",
                    "< I_am_late_for >",
                    "< till_we_meet_again >",
                    "< cya >",
                    "< until_next_time >",
                    "< l8r >",
                    "< gn >",
                    "< I_will_be_back >",
                    "< goodnight >",
                    "< till_next_time >",
                    "< cu_through_with_you_for_now >",
                    "< gnstdltbbb >",
                    "< au_revoir >",
                    "< bbfn >",
                    "< bye_bye >",
                    "< god_bless_you >",
                    "< l8r_l8r >",
                    "< toodeloo >",
                    "< you_all_come_back_now >",
                    "< farewell >",
                    "< adieu >",
                    "< have_a_great_weekend >",
                    "< see_you_later >",
                    "< un >",
                    "< ttfn >",
                    "< I_must_go >",
                    "< see_you_soon >",
                    "< have_a_great_day >",
                    "< cyal8r >",
                    "< nighty-night >",
                    "< logoff >",
                    "< through_for_now_see_you_later >",
                    "< I_need_to_go_now >",
                    "< bye >",
                    "< toodles >",
                    "< g_bye >",
                    "< have_to_boogie >",
                    "< sleep_tight >",
                    "< be_seeing_you >",
                    "< auf_wiedersehen >",
                    "< talk_to_you_later >",
                    "< do_not_let_the_bed_bugs_bite >",
                    "< take_it_easy >",
                    "< ciao >",
                    "< it_was_good_meeting_you >",
                    "< ta-ta-for-now >",
                    "< sayonara >",
                    "< I_am_leaving >",
                    "< bfn >",
                    "< I_want_to_go_now >",
                    "< have_a_nice_day >",
                    "< cheerio >",
                    "< have_to_get_going >",
                    "< have_a_nice_night >",
                    "< see_you_tomorrow >",
                    "< so_long >",
                    "< good_night >",
                    "< have_a_good_evening >",
                    "< have_to_go >",
                    "< till_another_time >",
                    "< good-bye >",
                    "< catch-you-later >",
                    "< gtg >",
                    "< another_time >",
                    "< take_care >",
                    "< have_to_quit >",
                    "< it_was_good_to_meet_you >",
                    "< it_was_nice_meeting_you >",
                    "< have_a_good_one >",
                    "< adios >",
                    "< I_must_go_now >",
                    "< tnt >",
                    "< logout >",
                    "< got_to_run >",
                    "< ta_ta >",
                    "< nite-nite >",
                    "< toodle_pip >",
                    "< time_to_go >"
                ],
                "~yes": [
                    "< ay >",
                    "< so will you >",
                    "< nod >",
                    "< my pleasure >",
                    "< I guess so >",
                    "< okey >",
                    "< especially >",
                    "< absolutely >",
                    "< one hundred percent >",
                    "< could not have said it better >",
                    "< most certainly >",
                    "< mostly >",
                    "< exactly >",
                    "< but of course >",
                    "< go ahead >",
                    "< whatever >",
                    "< hell yeah >",
                    "< continue >",
                    "< I would say so >",
                    "< uh-huh >",
                    "< affirmative >",
                    "< apparently >",
                    "< sure thing >",
                    "< will do >",
                    "< right >",
                    "< he is >",
                    "< without a doubt >",
                    "< yeah sure >",
                    "< righto >",
                    "< ack >",
                    "< undoubtedly >",
                    "< please do >",
                    "< yip >",
                    "< could be >",
                    "< damn good >",
                    "< very well indeed >",
                    "< how true >",
                    "< I can see that >",
                    "< aye >",
                    "< for sure >",
                    "< highly likely >",
                    "< that is correct >",
                    "< naturally >",
                    "< okay >",
                    "< do it >",
                    "< supposedly >",
                    "< definitely >",
                    "< that is alright >",
                    "< you may be right >",
                    "< they are >",
                    "< yay >",
                    "< yes please >",
                    "< accepted >",
                    "< I am certain >",
                    "< yep >",
                    "< I give consent >",
                    "< you bet >",
                    "< well perhaps you are right >",
                    "< righty-ho >",
                    "< nods >",
                    "< let us try >",
                    "< I totally agree >",
                    "< only just >",
                    "< we should try >",
                    "< fully >",
                    "< you could say that >",
                    "< constantly >",
                    "< unquestionably >",
                    "< we do >",
                    "< all right >",
                    "< certainly >",
                    "< no objections >",
                    "< yeah definitely >",
                    "< right , >",
                    "< she does >",
                    "< I consent >",
                    "< da >",
                    "< you are right >",
                    "< extremely >",
                    "< very well >",
                    "< makes sense >",
                    "< in this case >",
                    "< indubitably >",
                    "< fantastic >",
                    "< that is good >",
                    "< with pleasure >",
                    "< right on >",
                    "< yea >",
                    "< thumbs up >",
                    "< beyond a doubt >",
                    "< I do >",
                    "< it is highly likely >",
                    "< two thumbs up >",
                    "< wonderful >",
                    "< yes >",
                    "< you may >",
                    "< I did >",
                    "< correct >",
                    "< make it so >",
                    "< o.k. >",
                    "< I am sure >",
                    "< surely >",
                    "< approved >",
                    "< O.K. >",
                    "< okey dokey >",
                    "< no problem >",
                    "< oh okay >",
                    "< yuppers >",
                    "< OK >",
                    "< she is >",
                    "< always >",
                    "< damn straight >",
                    "< I am pleased to >",
                    "< true >",
                    "< yeppers >",
                    "< he does >",
                    "< I think so >",
                    "< we can try >",
                    "< oh alright >",
                    "< probably >",
                    "< a'right >",
                    "< I can believe that >",
                    "< well maybe you are right >",
                    "< it will be a pleasure to >",
                    "< positively >",
                    "< no doubt >",
                    "< that is right >",
                    "< be my guest >",
                    "< I will drink to that >",
                    "< fortune smiles on that >",
                    "< it would be a pleasure >",
                    "< by all means >",
                    "< right brah >",
                    "< delighted >",
                    "< abso-fucking-lutely >",
                    "< right-o >",
                    "< they do >",
                    "< precisely >",
                    "< thats great yes >",
                    "< I am listening >",
                    "< evidently >",
                    "< thats great , yes >",
                    "< sounds wonderful >",
                    "< oh sure >",
                    "< you may have a point >",
                    "< a'ight >",
                    "< I agree >",
                    "< alright >",
                    "< 'kay >",
                    "< it does >",
                    "< ah yes >",
                    "< we did >",
                    "< I am >",
                    "< si >",
                    "< I can believe it >",
                    "< I can try >",
                    "< ok >",
                    "< of course >",
                    "< most assuredly >",
                    "< agreed >",
                    "< d'accord >",
                    "< I understand >",
                    "< generally >",
                    "< shure >",
                    "< yeah >",
                    "< go ahead with >",
                    "< sure >",
                    "< it is >",
                    "< yup >",
                    "< yeh >",
                    "< it will be my pleasure to >",
                    "< bring it on >",
                    "< yes really >",
                    "< I give my consent >",
                    "< I could not agree with you more >",
                    "< touche >",
                    "< perfect >",
                    "< indeed >",
                    "< fine >",
                    "< confirmed >",
                    "< yah >",
                    "< i guess >",
                    "< totally >",
                    "< completely >",
                    "< can not argue with that >",
                    "< indefinitely >",
                    "< accept >",
                    "< I have no objection >",
                    ":thumbsup:",
                    ":+1:"
                ],
                "~no": [
                    "< it is not >",
                    "< naah >",
                    "< it is unlikely >",
                    "< you must be joking >",
                    "< there is no reason to think so >",
                    "< not really >",
                    "< yeah yeah >",
                    "< not to speak of >",
                    "< disagree >",
                    "< he does not >",
                    "< naw >",
                    "< not on your life >",
                    "< I dont think so >",
                    "< you can not be serious >",
                    "< that is impossible >",
                    "< she is not >",
                    "< I am not sure I agree >",
                    "< we do not >",
                    "< none >",
                    "< not many >",
                    "< she does not >",
                    "< not by any means >",
                    "< you have got that wrong >",
                    "< never mind >",
                    "< I do not >",
                    "< no I am fine >",
                    "< nope >",
                    "< I would not >",
                    "< bollocks >",
                    "< come off it >",
                    "< I do not believe so >",
                    "< seldom >",
                    "< no way >",
                    "< impossible >",
                    "< you are winding me up >",
                    "< none of them >",
                    "< not likely >",
                    "< noo >",
                    "< do not be silly >",
                    "< I think not >",
                    "< naaah >",
                    "< neah >",
                    "< that is unbelievable >",
                    "< fortune does not smile on that >",
                    "< I am afraid not >",
                    "< I am not sure that I >",
                    "< on the contrary >",
                    "< no . >",
                    "< I just do not get it >",
                    "< if you say so >",
                    "< uhuh >",
                    "< unlikely >",
                    "< not especially >",
                    "< do not be ridiculous >",
                    "< unbelievable >",
                    "< not very often >",
                    "< I could not disagree more >",
                    "< you are kidding >",
                    "< neither of these >",
                    "< not much >",
                    "< iie >",
                    "< me thinks not >",
                    "< of course not >",
                    "< not a chance >",
                    "< doubtful >",
                    "< not that I know of >",
                    "< rubbish >",
                    "< none of these >",
                    "< not at the moment >",
                    "< I do not want to >",
                    "< by no means >",
                    "< negative >",
                    "< get out >",
                    "< no chance >",
                    "< but of course not >",
                    "< no >",
                    "< hardly >",
                    "< not by a long shot >",
                    "< false >",
                    "< fat chance >",
                    "< not exactly >",
                    "< but no >",
                    "< I disagree >",
                    "< you are dead wrong >",
                    "< it does not >",
                    "< improbable >",
                    "< not particularly >",
                    "< nah >",
                    "< no can do >",
                    "< hell no >",
                    "< you have got to be kidding >",
                    "< no I am ok >",
                    "< not a snowball 's chance in hell >",
                    "< nuts to you >",
                    "< did not >",
                    "< I am afraid I do not agree >",
                    "< you are joking >",
                    "< no - >",
                    "< I doubt it >",
                    "< uh-uh >",
                    "< do not be stupid >",
                    "< not in a million years >",
                    "< no I am good >",
                    "< not at all >",
                    "< they do not >",
                    "< most certainly not >",
                    "< I do not think so >",
                    "< not to my knowledge >",
                    "< you must be kidding >",
                    "< I am afraid I disagree with you >",
                    "< not any of them >",
                    "< unfortunately not >",
                    "< I refuse >",
                    "< oh come on >",
                    "< thinks not >",
                    "< I will not >",
                    "< no thank you >",
                    "< inconceivable >",
                    "< horse hockey >",
                    "< uh-hu >",
                    "< that is rubbish >",
                    "< get real >",
                    "< you are having me on >",
                    "< I do not believe you >",
                    "< you are not serious >",
                    "< strange >",
                    "< nay >",
                    "< I do not believe it >",
                    "< no thanks >",
                    "< surely not >",
                    "< not so much >",
                    "< no , >",
                    "< they are not >",
                    "< I do not agree >",
                    "< does not seem likely >",
                    "< neither >",
                    "< do not be absurd >",
                    "< never >",
                    "< it is not possible >",
                    "< he is not >",
                    "< does not seem possible >",
                    "< not sure >",
                    "< no ! >",
                    "< not a prayer >",
                    ":thumbsdown:",
                    ":-1:",
                    ":man-gesturing-no:",
                    ":woman-gesturing-no:"
                ]
            },
            "confidenceConfigs": [
                {
                    "mode": "ml",
                    "maxThreshold": 80,
                    "isActive": true,
                    "minThreshold": 0.6,
                    "exactMatchThreshold": 90
                },
                {
                    "mode": "faq",
                    "minThreshold": 60,
                    "maxThreshold": 80,
                    "isActive": true,
                    "taskMatchTolerance": 5,
                    "exactMatchThreshold": 95,
                    "suggestionsCount": 3,
                    "pathCoverage": 50,
                    "longResponses": {
                        "readMore": true
                    },
                    "useBotSynonyms": false,
                    "enPatternLemma": "wordnet",
                    "subType": "embeddingKG"
                },
                {
                    "mode": "cs",
                    "minThreshold": 60,
                    "maxThreshold": 80,
                    "isActive": true,
                    "wordCoverage": 60,
                    "labelMatch": false,
                    "isFMThreshold": false
                },
                {
                    "mode": "rr",
                    "isActive": true,
                    "threshold": 0,
                    "minThreshold": 0,
                    "maxThreshold": 0,
                    "taskMatchTolerance": 2,
                    "rrVersion": 1,
                    "isPreferDefinitiveMatch": true,
                    "intentRescoring": false
                }
            ],
            "nlpVersion": {
                "current": 3,
                "original": 3
            }
        }
    },
    "isNLEnabled": true,
    "multiLingualConfigurations": {
        "en": {
            "nluLanguage": "en",
            "inputTranslation": false,
            "responseTranslation": false
        }
    },
    "interruptOptions": {
        "interruptsEnabled": true,
        "numTasksToHold": "1",
        "type": {
            "option": "developer",
            "message": ""
        },
        "holdUxOptions": {
            "option": "discardCurrTaskNoNotify",
            "message": ""
        },
        "faqBehaviour": "respondAndResume",
        "smallTalkBehaviour": "respondAndResume",
        "showAmbiguous": true
    },
    "detectMultiIntent": false,
    "assignAllChildBots": true,
    "recentBotLimit": 5,
    "isCsMatchEnabled": false,
    "defaultDialogId": "53e14338-0441-5e8a-a885-d990b771e80a",
    "advancedNLSettings": [
        {
            "_id": "anls-223265dd-f338-560b-9a45-08d306c7c32c",
            "isCustom": false,
            "type": 1,
            "streamId": "st-fa3c2d6e-128d-5e18-a60a-eca34e4a9132",
            "language": "en",
            "nlpEngine": "ML",
            "configurationKeyName": "network",
            "configurationValue": "Few-shot Model (Kore.ai Hosted Embeddings)",
            "requiresTraining": true,
            "state": "published",
            "refId": "9bd70d94-59cf-502a-bb52-3e97f5339237",
            "lastModifiedOn": "2023-06-22T05:40:21.411Z",
            "__v": 0
        },
        {
            "_id": "anls-2981beda-86a2-546b-8445-1267e2224704",
            "isCustom": false,
            "type": 1,
            "streamId": "st-fa3c2d6e-128d-5e18-a60a-eca34e4a9132",
            "language": "en",
            "nlpEngine": "ML",
            "configurationKeyName": "ml_suggestion_proximity",
            "configurationValue": 5,
            "requiresTraining": false,
            "state": "published",
            "refId": "83dae4e0-0e1e-5c4f-87ed-e674cce1487c",
            "lastModifiedOn": "2023-06-22T05:40:21.422Z",
            "__v": 0
        },
        {
            "_id": "anls-3744644b-104b-5aea-96a9-8aa98f4c79a9",
            "isCustom": false,
            "type": 1,
            "streamId": "st-fa3c2d6e-128d-5e18-a60a-eca34e4a9132",
            "language": "en",
            "nlpEngine": "FM",
            "configurationKeyName": "exactTaskNameMatch",
            "configurationValue": false,
            "requiresTraining": false,
            "state": "published",
            "refId": "0d625a0a-2673-5c5e-8208-18022bcfa846",
            "lastModifiedOn": "2023-06-22T05:40:21.423Z",
            "__v": 0
        }
    ],
    "botEvents": {},
    "idpConfigurations": [],
    "actions": [],
    "alerts": [],
    "patterns": [
        {
            "localeData": {
                "en": {}
            },
            "refId": "de007bf3-baa4-565e-9e1c-da196e02cd17",
            "taskName": "Test",
            "taskType": "intent",
            "nodeType": "dialog"
        },
        {
            "localeData": {
                "en": {}
            },
            "refId": "a158f6f1-a2de-582b-8eb1-e0a50291007e",
            "taskName": "Welcome_Task",
            "taskType": "intent",
            "nodeType": "dialog"
        },
        {
            "localeData": {
                "en": {}
            },
            "refId": "800eaa36-99a2-5e39-a58a-ab3b64d8bc58",
            "taskName": "Entity0003",
            "taskType": "entity",
            "nodeType": "dialog"
        },
        {
            "localeData": {
                "en": {}
            },
            "refId": "55ebda15-0d92-5caf-b448-c817aaac3264",
            "taskName": "Fallback_Task",
            "taskType": "intent",
            "nodeType": "dialog"
        },
        {
            "localeData": {
                "en": {}
            },
            "refId": "a7639789-662b-5a5f-b0d5-7f28368a0acd",
            "taskName": "Entity0001",
            "taskType": "entity",
            "nodeType": "dialog"
        },
        {
            "localeData": {
                "en": {}
            },
            "refId": "e6e0cee6-724e-5a9b-9828-78ecfb18811a",
            "taskName": "ViewMyBill",
            "taskType": "intent",
            "nodeType": "dialog"
        },
        {
            "localeData": {
                "en": {}
            },
            "refId": "4e4fd6d8-fa61-52c6-9115-e26d703914e7",
            "taskName": "Voice",
            "taskType": "intent",
            "nodeType": "dialog"
        },
        {
            "localeData": {
                "en": {}
            },
            "refId": "5a7b9921-4d4a-5979-a3ba-a9abdbaa826b",
            "taskName": "PayBill",
            "taskType": "intent",
            "nodeType": "dialog"
        },
        {
            "localeData": {
                "en": {}
            },
            "refId": "144cbc64-7368-5cd2-bb24-4304384576e4",
            "taskName": "InternetTroubleshooting",
            "taskType": "intent",
            "nodeType": "dialog"
        },
        {
            "localeData": {
                "en": {}
            },
            "refId": "a4a01ccf-3e96-5ade-aae6-ba6cce00d7f7",
            "taskName": "Entity0002",
            "taskType": "entity",
            "nodeType": "dialog"
        },
        {
            "localeData": {
                "en": {}
            },
            "refId": "2ef55c26-b445-55cf-aca9-530175eb1894",
            "taskName": "AgentT",
            "taskType": "intent",
            "nodeType": "dialog"
        }
    ],
    "dialogComponents": [
        {
            "_id": "dc-09347f26-1b85-509a-9a50-6991590e9247",
            "refId": "86dee4e5-c888-5178-a49f-8116fe4ed76b",
            "name": "AgentTransfer0001",
            "type": "agentTransfer",
            "localeData": {
                "en": {
                    "label": "AgentTransfer0001"
                }
            },
            "useTaskLevelNs": true,
            "vNameSpace": []
        },
        {
            "_id": "dc-2a56a76c-b6df-56d4-9d21-a3b7b7b58f39",
            "refId": "de007bf3-baa4-565e-9e1c-da196e02cd17",
            "name": "Test",
            "type": "intent",
            "localeData": {
                "en": {
                    "desc": "Test Dialog",
                    "intent": "Test"
                }
            },
            "useTaskLevelNs": true,
            "vNameSpace": []
        },
        {
            "_id": "dc-3779cd78-a838-568b-9f15-4a7c0a0b3ee2",
            "refId": "a158f6f1-a2de-582b-8eb1-e0a50291007e",
            "name": "Welcome_Task",
            "type": "intent",
            "localeData": {
                "en": {
                    "intent": "Welcome Task",
                    "desc": "Welcome Task"
                }
            },
            "useTaskLevelNs": true,
            "vNameSpace": []
        },
        {
            "_id": "dc-67d33da9-ea6a-5579-bea3-0326aafebf8e",
            "refId": "800eaa36-99a2-5e39-a58a-ab3b64d8bc58",
            "name": "Entity0003",
            "type": "entity",
            "localeData": {
                "en": {
                    "label": "Entity0003"
                }
            },
            "useTaskLevelNs": true,
            "vNameSpace": []
        },
        {
            "_id": "dc-6b635838-a11c-551f-a919-ced4ca696cc8",
            "refId": "55ebda15-0d92-5caf-b448-c817aaac3264",
            "name": "Fallback_Task",
            "type": "intent",
            "localeData": {
                "en": {
                    "intent": "Fallback Task",
                    "desc": "Fallback Task"
                }
            },
            "useTaskLevelNs": true,
            "vNameSpace": []
        },
        {
            "_id": "dc-7065819f-f716-5f5c-b15d-8420bb8d58d9",
            "refId": "d691a714-0247-5be1-8189-a42d814c6d64",
            "name": "AgemntMSG",
            "type": "message",
            "localeData": {
                "en": {
                    "label": "AgemntMSG"
                }
            },
            "useTaskLevelNs": true,
            "vNameSpace": []
        },
        {
            "_id": "dc-897dcc65-7237-5c33-9fb3-1134a3a7d67c",
            "refId": "8016bff7-21d9-549a-ac94-8b5d836f5f67",
            "name": "WelcomeMsg",
            "type": "message",
            "localeData": {
                "en": {
                    "label": "WelcomeMsg"
                }
            },
            "useTaskLevelNs": true,
            "vNameSpace": []
        },
        {
            "_id": "dc-8f9209f8-2cde-58d7-8170-768c04350960",
            "refId": "a7639789-662b-5a5f-b0d5-7f28368a0acd",
            "name": "Entity0001",
            "type": "entity",
            "localeData": {
                "en": {
                    "label": "Entity0001"
                }
            },
            "useTaskLevelNs": true,
            "vNameSpace": []
        },
        {
            "_id": "dc-ac4d6485-fc08-54ae-9980-aff16694cfd2",
            "refId": "e6e0cee6-724e-5a9b-9828-78ecfb18811a",
            "name": "ViewMyBill",
            "type": "intent",
            "localeData": {
                "en": {
                    "desc": "",
                    "intent": "ViewMyBill"
                }
            },
            "useTaskLevelNs": true,
            "vNameSpace": []
        },
        {
            "_id": "dc-ac5b819f-28cd-5f5a-8fb9-b5bbe92553e2",
            "refId": "4e4fd6d8-fa61-52c6-9115-e26d703914e7",
            "name": "Voice",
            "type": "intent",
            "localeData": {
                "en": {
                    "desc": "",
                    "intent": "Voice"
                }
            },
            "useTaskLevelNs": true,
            "vNameSpace": []
        },
        {
            "_id": "dc-b175f771-c7a4-591f-9428-2b1c0cb557b4",
            "refId": "5a7b9921-4d4a-5979-a3ba-a9abdbaa826b",
            "name": "PayBill",
            "type": "intent",
            "localeData": {
                "en": {
                    "desc": "",
                    "intent": "PayBill"
                }
            },
            "useTaskLevelNs": true,
            "vNameSpace": []
        },
        {
            "_id": "dc-b310ce0d-ab4f-5e6b-a53a-8b578e928008",
            "refId": "56981f93-0da4-52b9-8113-646569f5288e",
            "name": "Message0001",
            "type": "message",
            "localeData": {
                "en": {
                    "label": "Message0001"
                }
            },
            "useTaskLevelNs": true,
            "vNameSpace": []
        },
        {
            "_id": "dc-c6065eb1-577d-5519-81f0-0f94a65a342f",
            "refId": "69ef5da2-e696-5ffb-9a8f-63912562895d",
            "name": "Service0001",
            "type": "service",
            "localeData": {
                "en": {
                    "label": "Service0001"
                }
            },
            "idp": "none",
            "useTaskLevelNs": true,
            "vNameSpace": []
        },
        {
            "_id": "dc-c7484e87-0470-52f4-859b-dc768c4d0439",
            "refId": "14466020-2c7f-53b6-b8f2-a200fbbcea47",
            "name": "BotAction0001",
            "type": "botAction",
            "localeData": {
                "en": {
                    "desc": "",
                    "label": "BotAction0001"
                }
            },
            "useTaskLevelNs": true,
            "vNameSpace": []
        },
        {
            "_id": "dc-d3eba954-0da6-5977-9eb9-a9ebadfd1564",
            "refId": "144cbc64-7368-5cd2-bb24-4304384576e4",
            "name": "InternetTroubleshooting",
            "type": "intent",
            "localeData": {
                "en": {
                    "desc": "",
                    "intent": "InternetTroubleshooting"
                }
            },
            "useTaskLevelNs": true,
            "vNameSpace": []
        },
        {
            "_id": "dc-e3230925-437f-5a7a-9002-8c8f31dbc3d3",
            "refId": "a4a01ccf-3e96-5ade-aae6-ba6cce00d7f7",
            "name": "Entity0002",
            "type": "entity",
            "localeData": {
                "en": {
                    "label": "Entity0002"
                }
            },
            "useTaskLevelNs": true,
            "vNameSpace": []
        },
        {
            "_id": "dc-e4cd95c3-860a-5a0b-814b-0b9f1efe84ad",
            "refId": "2ef55c26-b445-55cf-aca9-530175eb1894",
            "name": "AgentT",
            "type": "intent",
            "localeData": {
                "en": {
                    "desc": "",
                    "intent": "AgentT"
                }
            },
            "useTaskLevelNs": true,
            "vNameSpace": []
        },
        {
            "_id": "dc-fba7728c-f1b7-5faf-ade4-da7041c57957",
            "refId": "b93c886a-d155-56fb-bad3-92cb1a18c4e5",
            "name": "FallbackMsg",
            "type": "message",
            "localeData": {
                "en": {
                    "label": "FallbackMsg"
                }
            },
            "useTaskLevelNs": true,
            "vNameSpace": []
        }
    ],
    "dialogs": [
        {
            "_id": "dg-15aa07d9-7c46-5fe2-9073-4b1927f552b2",
            "refId": "7078f7ab-3ce1-5abb-8a88-42c85df0b647",
            "lname": "test",
            "localeData": {
                "en": {
                    "name": "Test",
                    "shortDesc": "Test Dialog"
                }
            },
            "amendConfig": {
                "priority": "bot"
            },
            "vNameSpace": [
                "045b9bbe-b347-5ba8-98e4-1345111adf3a"
            ]
        },
        {
            "_id": "dg-20acfa23-9d1c-50ff-864f-2c92a459dc45",
            "refId": "4442ec9b-23bc-5136-8c46-a9debc947431",
            "lname": "internettroubleshooting",
            "localeData": {
                "en": {
                    "name": "InternetTroubleshooting",
                    "shortDesc": ""
                }
            },
            "amendConfig": {
                "priority": "bot"
            },
            "vNameSpace": [
                "045b9bbe-b347-5ba8-98e4-1345111adf3a"
            ]
        },
        {
            "_id": "dg-3b2c6068-9b6a-5246-ba69-9fd1d3e4a5ec",
            "refId": "8124fc68-4f7d-58fa-94c5-29c5ec34fbf3",
            "lname": "viewmybill",
            "localeData": {
                "en": {
                    "name": "ViewMyBill",
                    "shortDesc": ""
                }
            },
            "amendConfig": {
                "priority": "bot"
            },
            "vNameSpace": [
                "045b9bbe-b347-5ba8-98e4-1345111adf3a"
            ]
        },
        {
            "_id": "dg-3c0e1947-3392-5f08-9d40-14eebc86ea88",
            "refId": "83f04e93-fbc8-511e-8056-c74dce398c09",
            "lname": "agentt",
            "localeData": {
                "en": {
                    "name": "AgentT",
                    "shortDesc": ""
                }
            },
            "amendConfig": {
                "priority": "bot"
            },
            "vNameSpace": [
                "045b9bbe-b347-5ba8-98e4-1345111adf3a"
            ]
        },
        {
            "_id": "dg-4b8df0b9-8f13-50e6-9072-b00d2acf40c8",
            "refId": "3e83710e-f873-5944-89d9-e523eae07e53",
            "lname": "paybill",
            "localeData": {
                "en": {
                    "name": "PayBill",
                    "shortDesc": ""
                }
            },
            "amendConfig": {
                "priority": "bot"
            },
            "vNameSpace": [
                "045b9bbe-b347-5ba8-98e4-1345111adf3a"
            ]
        },
        {
            "_id": "dg-861fef6c-63fe-5c41-b0f8-9737d027d8f2",
            "refId": "0864af19-4355-5c18-888d-fb91555e7fa2",
            "lname": "welcome task",
            "localeData": {
                "en": {
                    "name": "Welcome Task",
                    "shortDesc": "Welcome Task"
                }
            },
            "amendConfig": {
                "priority": "bot"
            },
            "vNameSpace": [
                "045b9bbe-b347-5ba8-98e4-1345111adf3a"
            ]
        },
        {
            "_id": "dg-b55cf276-c8d7-56e8-ad8f-d6caf1b74c20",
            "refId": "aa8d6328-c9a9-598b-8a66-807c3a6015d5",
            "lname": "voice",
            "localeData": {
                "en": {
                    "name": "Voice",
                    "shortDesc": ""
                }
            },
            "amendConfig": {
                "priority": "bot"
            },
            "vNameSpace": [
                "045b9bbe-b347-5ba8-98e4-1345111adf3a"
            ]
        },
        {
            "_id": "dg-bd590cd0-0d25-547d-abf9-90eb0a42ca10",
            "refId": "53e14338-0441-5e8a-a885-d990b771e80a",
            "lname": "fallback task",
            "localeData": {
                "en": {
                    "name": "Fallback Task",
                    "shortDesc": "Fallback Task"
                }
            },
            "amendConfig": {
                "priority": "bot"
            },
            "vNameSpace": [
                "045b9bbe-b347-5ba8-98e4-1345111adf3a"
            ]
        }
    ],
    "scenes": [
        {
            "_id": "sn-3544f19e-682e-5c06-9960-09c6225bb18f",
            "botstoreInfo": [
                {
                    "type": "interactive",
                    "isSecured": false,
                    "link": "6956724a5471796245552defbfbd1a"
                }
            ],
            "components": {
                "snc-f192cba7-8cd1-5034-ad8e-e963f9325fa2": {
                    "childs": [],
                    "parentId": null,
                    "seqId": "Id1"
                }
            },
            "currentSeqId": 1,
            "description": "",
            "dialogLinks": {
                "snc-f192cba7-8cd1-5034-ad8e-e963f9325fa2": {
                    "dialogRefId": "83f04e93-fbc8-511e-8056-c74dce398c09"
                }
            },
            "dialogRefId": "83f04e93-fbc8-511e-8056-c74dce398c09",
            "messageLinks": {},
            "name": "AgentT",
            "refId": "a1981541-a080-5601-9a49-aefd9d41ef3b",
            "sceneLinkedBy": [],
            "sceneLinks": {},
            "sceneType": "dialogScene",
            "status": "In Progress",
            "streamId": "st-fa3c2d6e-128d-5e18-a60a-eca34e4a9132",
            "tags": [],
            "widgetThemeId": "wth-5e3e0d371dbd0c312e39726d",
            "resourceid": "scenes"
        },
        {
            "_id": "sn-45f8a863-d30e-5aff-84ee-244cb5607768",
            "botstoreInfo": [
                {
                    "type": "interactive",
                    "isSecured": false,
                    "link": "454678516f586b6a4f3870efbfbd0cefbfbd"
                }
            ],
            "components": {
                "snc-98fcf737-e036-5429-81fe-1c945145048a": {
                    "childs": [],
                    "parentId": null,
                    "seqId": "Id1"
                }
            },
            "currentSeqId": 1,
            "description": "Fallback Task",
            "dialogLinks": {
                "snc-98fcf737-e036-5429-81fe-1c945145048a": {
                    "dialogRefId": "53e14338-0441-5e8a-a885-d990b771e80a"
                }
            },
            "dialogRefId": "53e14338-0441-5e8a-a885-d990b771e80a",
            "messageLinks": {},
            "name": "Fallback Task",
            "refId": "4107d373-cc18-55ff-86d3-c6b56b079ede",
            "sceneLinkedBy": [],
            "sceneLinks": {},
            "sceneType": "dialogScene",
            "status": "inProgress",
            "streamId": "st-fa3c2d6e-128d-5e18-a60a-eca34e4a9132",
            "tags": [],
            "widgetThemeId": "wth-5e3e0d371dbd0c312e39726d",
            "resourceid": "scenes"
        },
        {
            "_id": "sn-15768eec-226d-5fd4-afc8-cca6a45a87b5",
            "botstoreInfo": [
                {
                    "type": "interactive",
                    "isSecured": false,
                    "link": "6c6d513665766376596b3c1cefbfbd"
                }
            ],
            "components": {
                "snc-ad559000-132b-55e8-b47c-ae83c2fe07e9": {
                    "childs": [],
                    "parentId": null,
                    "seqId": "Id1"
                }
            },
            "currentSeqId": 1,
            "description": "",
            "dialogLinks": {
                "snc-ad559000-132b-55e8-b47c-ae83c2fe07e9": {
                    "dialogRefId": "4442ec9b-23bc-5136-8c46-a9debc947431"
                }
            },
            "dialogRefId": "4442ec9b-23bc-5136-8c46-a9debc947431",
            "messageLinks": {},
            "name": "InternetTroubleshooting",
            "refId": "93b8e0e5-2dfd-5ba1-8700-ff46144cec2f",
            "sceneLinkedBy": [],
            "sceneLinks": {},
            "sceneType": "dialogScene",
            "status": "In Progress",
            "streamId": "st-fa3c2d6e-128d-5e18-a60a-eca34e4a9132",
            "tags": [],
            "widgetThemeId": "wth-5e3e0d371dbd0c312e39726d",
            "resourceid": "scenes"
        },
        {
            "_id": "sn-9b76ea4b-293d-513f-b055-e1c91e5a05e6",
            "botstoreInfo": [
                {
                    "type": "interactive",
                    "isSecured": false,
                    "link": "4e5277554f5141344fefbfbd6fefbfbd"
                }
            ],
            "components": {
                "snc-f8f81aa1-5837-56f7-a32f-a246f64ae11f": {
                    "childs": [],
                    "parentId": null,
                    "seqId": "Id1"
                }
            },
            "currentSeqId": 1,
            "description": "",
            "dialogLinks": {
                "snc-f8f81aa1-5837-56f7-a32f-a246f64ae11f": {
                    "dialogRefId": "3e83710e-f873-5944-89d9-e523eae07e53"
                }
            },
            "dialogRefId": "3e83710e-f873-5944-89d9-e523eae07e53",
            "messageLinks": {},
            "name": "PayBill",
            "refId": "4e429496-0f51-52ef-87a9-170fefb229d8",
            "sceneLinkedBy": [],
            "sceneLinks": {},
            "sceneType": "dialogScene",
            "status": "In Progress",
            "streamId": "st-fa3c2d6e-128d-5e18-a60a-eca34e4a9132",
            "tags": [],
            "widgetThemeId": "wth-5e3e0d371dbd0c312e39726d",
            "resourceid": "scenes"
        },
        {
            "_id": "sn-8fd1a7c3-6ee6-5301-b93b-70cd02bb3db9",
            "botstoreInfo": [
                {
                    "type": "interactive",
                    "isSecured": false,
                    "link": "47416b6c43374e7350efbfbd6752"
                }
            ],
            "components": {
                "snc-a4fd32e6-9773-50a2-9719-19efdc797f54": {
                    "childs": [],
                    "parentId": null,
                    "seqId": "Id1"
                }
            },
            "currentSeqId": 1,
            "description": "Test Dialog",
            "dialogLinks": {
                "snc-a4fd32e6-9773-50a2-9719-19efdc797f54": {
                    "dialogRefId": "7078f7ab-3ce1-5abb-8a88-42c85df0b647"
                }
            },
            "dialogRefId": "7078f7ab-3ce1-5abb-8a88-42c85df0b647",
            "messageLinks": {},
            "name": "Test",
            "refId": "4aceed66-dc6f-5a4e-8d9f-b939f48dcf2c",
            "sceneLinkedBy": [],
            "sceneLinks": {},
            "sceneType": "dialogScene",
            "status": "In Progress",
            "streamId": "st-fa3c2d6e-128d-5e18-a60a-eca34e4a9132",
            "tags": [],
            "widgetThemeId": "wth-5e3e0d371dbd0c312e39726d",
            "resourceid": "scenes"
        },
        {
            "_id": "sn-6c4f7767-8fd7-5c16-84b8-ad33447608b0",
            "botstoreInfo": [
                {
                    "type": "interactive",
                    "isSecured": false,
                    "link": "636979623776706946efbfbd60efbfbd"
                }
            ],
            "components": {
                "snc-f6ceeebc-ce1c-544e-92f6-85fa78cdd2e9": {
                    "childs": [],
                    "parentId": null,
                    "seqId": "Id1"
                }
            },
            "currentSeqId": 1,
            "description": "",
            "dialogLinks": {
                "snc-f6ceeebc-ce1c-544e-92f6-85fa78cdd2e9": {
                    "dialogRefId": "8124fc68-4f7d-58fa-94c5-29c5ec34fbf3"
                }
            },
            "dialogRefId": "8124fc68-4f7d-58fa-94c5-29c5ec34fbf3",
            "messageLinks": {},
            "name": "ViewMyBill",
            "refId": "bcdf814b-7260-5676-9f64-598faa02087b",
            "sceneLinkedBy": [],
            "sceneLinks": {},
            "sceneType": "dialogScene",
            "status": "In Progress",
            "streamId": "st-fa3c2d6e-128d-5e18-a60a-eca34e4a9132",
            "tags": [],
            "widgetThemeId": "wth-5e3e0d371dbd0c312e39726d",
            "resourceid": "scenes"
        },
        {
            "_id": "sn-cab96118-05fe-5fcb-8e91-ad993b36e275",
            "botstoreInfo": [
                {
                    "type": "interactive",
                    "isSecured": false,
                    "link": "6d38644c66756150614defbfbdefbfbd3d"
                }
            ],
            "components": {
                "snc-345ea5ea-d40b-5261-adea-00d24cefb94d": {
                    "childs": [],
                    "parentId": null,
                    "seqId": "Id1"
                }
            },
            "currentSeqId": 1,
            "description": "",
            "dialogLinks": {
                "snc-345ea5ea-d40b-5261-adea-00d24cefb94d": {
                    "dialogRefId": "aa8d6328-c9a9-598b-8a66-807c3a6015d5"
                }
            },
            "dialogRefId": "aa8d6328-c9a9-598b-8a66-807c3a6015d5",
            "messageLinks": {},
            "name": "Voice",
            "refId": "660053b5-60ec-5e23-ac33-bac0484e204d",
            "sceneLinkedBy": [],
            "sceneLinks": {},
            "sceneType": "dialogScene",
            "status": "In Progress",
            "streamId": "st-fa3c2d6e-128d-5e18-a60a-eca34e4a9132",
            "tags": [],
            "widgetThemeId": "wth-5e3e0d371dbd0c312e39726d",
            "resourceid": "scenes"
        },
        {
            "_id": "sn-f449dd83-5daa-532d-a97a-8f837f439e1a",
            "botstoreInfo": [
                {
                    "type": "interactive",
                    "isSecured": false,
                    "link": "6e5630714455443945514842102b"
                }
            ],
            "components": {
                "snc-3fe59ebb-c20e-504a-ac7a-ecd638ab66b5": {
                    "childs": [],
                    "parentId": null,
                    "seqId": "Id1"
                }
            },
            "currentSeqId": 1,
            "description": "Welcome Task",
            "dialogLinks": {
                "snc-3fe59ebb-c20e-504a-ac7a-ecd638ab66b5": {
                    "dialogRefId": "0864af19-4355-5c18-888d-fb91555e7fa2"
                }
            },
            "dialogRefId": "0864af19-4355-5c18-888d-fb91555e7fa2",
            "messageLinks": {},
            "name": "Welcome Task",
            "refId": "803919e1-af8d-5247-bdb5-308d37f0686d",
            "sceneLinkedBy": [],
            "sceneLinks": {},
            "sceneType": "dialogScene",
            "status": "inProgress",
            "streamId": "st-fa3c2d6e-128d-5e18-a60a-eca34e4a9132",
            "tags": [],
            "widgetThemeId": "wth-5e3e0d371dbd0c312e39726d",
            "resourceid": "scenes"
        }
    ],
    "sceneComponents": [
        {
            "_id": "snc-3fe59ebb-c20e-504a-ac7a-ecd638ab66b5",
            "state": 0,
            "msg": {
                "type": "text",
                "payload": {
                    "text": "Dialog Conversation Started"
                }
            },
            "type": "note",
            "refId": "b3069907-c543-5582-805c-ea37733699fe",
            "comments": [],
            "sceneId": "sn-f449dd83-5daa-532d-a97a-8f837f439e1a",
            "streamId": "st-fa3c2d6e-128d-5e18-a60a-eca34e4a9132"
        },
        {
            "_id": "snc-345ea5ea-d40b-5261-adea-00d24cefb94d",
            "state": 0,
            "msg": {
                "type": "text",
                "payload": {
                    "text": "Dialog Conversation Started"
                }
            },
            "type": "note",
            "refId": "5d7d8845-0913-505a-9e9e-5eeb6c5ec35b",
            "comments": [],
            "sceneId": "sn-cab96118-05fe-5fcb-8e91-ad993b36e275",
            "streamId": "st-fa3c2d6e-128d-5e18-a60a-eca34e4a9132"
        },
        {
            "_id": "snc-98fcf737-e036-5429-81fe-1c945145048a",
            "state": 0,
            "msg": {
                "type": "text",
                "payload": {
                    "text": "Dialog Conversation Started"
                }
            },
            "type": "note",
            "refId": "f753128f-d625-5668-8f7d-07c522686bdf",
            "comments": [],
            "sceneId": "sn-45f8a863-d30e-5aff-84ee-244cb5607768",
            "streamId": "st-fa3c2d6e-128d-5e18-a60a-eca34e4a9132"
        },
        {
            "_id": "snc-ad559000-132b-55e8-b47c-ae83c2fe07e9",
            "state": 0,
            "msg": {
                "type": "text",
                "payload": {
                    "text": "Dialog Conversation Started"
                }
            },
            "type": "note",
            "refId": "806b3eb9-8bb5-58dc-837b-07afa8e38d54",
            "comments": [],
            "sceneId": "sn-15768eec-226d-5fd4-afc8-cca6a45a87b5",
            "streamId": "st-fa3c2d6e-128d-5e18-a60a-eca34e4a9132"
        },
        {
            "_id": "snc-f6ceeebc-ce1c-544e-92f6-85fa78cdd2e9",
            "state": 0,
            "msg": {
                "type": "text",
                "payload": {
                    "text": "Dialog Conversation Started"
                }
            },
            "type": "note",
            "refId": "51d76e02-f7c8-5c92-978b-8e6caa4aac0d",
            "comments": [],
            "sceneId": "sn-6c4f7767-8fd7-5c16-84b8-ad33447608b0",
            "streamId": "st-fa3c2d6e-128d-5e18-a60a-eca34e4a9132"
        },
        {
            "_id": "snc-f8f81aa1-5837-56f7-a32f-a246f64ae11f",
            "state": 0,
            "msg": {
                "type": "text",
                "payload": {
                    "text": "Dialog Conversation Started"
                }
            },
            "type": "note",
            "refId": "1d36f877-1b44-5486-961a-8f7618d20f4d",
            "comments": [],
            "sceneId": "sn-9b76ea4b-293d-513f-b055-e1c91e5a05e6",
            "streamId": "st-fa3c2d6e-128d-5e18-a60a-eca34e4a9132"
        },
        {
            "_id": "snc-a4fd32e6-9773-50a2-9719-19efdc797f54",
            "state": 0,
            "msg": {
                "type": "text",
                "payload": {
                    "text": "Dialog Conversation Started"
                }
            },
            "type": "note",
            "refId": "f9d1c003-b832-5d7e-8b12-1cec0e13e1e4",
            "comments": [],
            "sceneId": "sn-8fd1a7c3-6ee6-5301-b93b-70cd02bb3db9",
            "streamId": "st-fa3c2d6e-128d-5e18-a60a-eca34e4a9132"
        },
        {
            "_id": "snc-f192cba7-8cd1-5034-ad8e-e963f9325fa2",
            "state": 0,
            "msg": {
                "type": "text",
                "payload": {
                    "text": "Dialog Conversation Started"
                }
            },
            "type": "note",
            "refId": "9b65a832-df59-5698-b8a3-fc35f15fa4a0",
            "comments": [],
            "sceneId": "sn-3544f19e-682e-5c06-9960-09c6225bb18f",
            "streamId": "st-fa3c2d6e-128d-5e18-a60a-eca34e4a9132"
        }
    ],
    "widgetThemes": [
        {
            "_id": "wth-5e3e0d371dbd0c312e39726d",
            "theme": "Default light theme",
            "widgetBgColor": "#FFFFFF",
            "widgetTextColor": "#26344A",
            "widgetBorderColor": "#EEEEEE",
            "widgetDividerColor": "#e5e8ec",
            "userchatBgColor": "#EFF4FF",
            "userchatTextColor": "#26344A",
            "botchatBgColor": "#F4F4F4",
            "botchatTextColor": "#26344A",
            "buttonActiveBgColor": "#FFFFFF",
            "buttonActiveTextColor": "#26344A",
            "buttonInactiveBgColor": "#FFFFFF",
            "buttonInactiveTextColor": "#26344A",
            "isdefaultWidget": true
        }
    ],
    "knowledgeTasks": [],
    "smallTalk": [],
    "unexportedTasks": [],
    "customDashboards": [],
    "paramMaps": [],
    "taskDgParamMaps": [],
    "sentences": [],
    "koraResponses": [],
    "customTemplates": [],
    "mlParams": [
        {
            "language": "en",
            "state": "published",
            "type": 1,
            "intentData": {
                "stopwords": "a about above abst accordance according accordingly across act actually adj  affected affecting affects afterwards again against ah all almost alone along  already also although always am among amongst an and announce another any anybody anyhow  anymore anyone anything anyway anyways anywhere apparently approximately are aren arent  arise around as aside ask asking at auth away awfully  b back be became because become becomes becoming been before beforehand begin beginning  beginnings begins behind being believe below beside besides between beyond biol both brief  briefly but by  c ca came cause causes certain certainly co com come comes contain  containing contains could couldnt  d did didn't different do does doesn't doing done don't down downwards during  e each ed edu effect eg either else elsewhere end ending enough especially  et et-al etc even ever every everybody everyone everything everywhere ex except  f far few ff fix followed following follows for former formerly forth  found from further furthermore  g gave get gets give given gives giving goes gone got gotten  h had happens hardly has hasn't haven't he hed hello hence her here hereafter hereby  herein heres hereupon hers herself hes hi hid him himself his hither home how howbeit however  i ie if i'll im immediate immediately importance important in inc indeed index information  instead into invention inward is isn't it itd it'll its itself i've 'm  j just  k keep keeps kept kg km know known knows  l largely last lately later latter latterly least less lest let lets like liked likely  line little 'll ltd  m made mainly make makes many may maybe me mean means meantime meanwhile merely mg  might miss ml more moreover most mostly mr mrs much mug must my myself  n na namely nay nd near nearly necessarily necessary needs neither never  nevertheless new next no nobody non none nonetheless noone nor normally  nos noted nothing now nowhere  o obtain obtained obviously of off often oh ok okay old omitted on once one ones only onto  or ord other others otherwise ought our ours ourselves over overall owing own  p page pages part particular particularly past per perhaps placed please plus poorly  possible possibly pp present previously primarily probably  promptly proud provides put q que quickly quite qv r ran rather rd re readily really  recent recently ref refs regarding regardless regards related relatively research  respectively resulted resulting results right run  s said same saw say saying says sec section see seeing seem seemed seeming seems seen  self selves sent seven several shall she shed she'll shes should shouldn't show showed  shown showns shows significant significantly similar similarly since slightly so some  somebody somehow someone somethan something sometime sometimes somewhat somewhere soon  sorry specifically specified specify specifying still stop strongly sub substantially  successfully such sufficiently sup sure  t take taken taking tell tends th than thank thanks thanx that that'll thats that've  the their theirs them themselves then thence there thereafter thereby thered therefore  therein there'll thereof therere theres thereto thereupon there've these they theyd they'll  theyre they've think this those thou though thoughh thousand throug through throughout  thru thus til tip to together too took toward towards tried tries truly try trying ts  twice u un under unfortunately unless unlike unlikely until unto up upon ups us use used useful  usefully usefulness uses using usually  v value various 've very via viz vol vols vs  w want wants was wasnt way we wed welcome we'll went were werent we've what whatever  what'll whats when whence whenever where whereafter whereas whereby wherein wheres  whereupon wherever whether which while whim whither who whod whoever whole who'll whom  whomever whos whose why widely willing wish with within without wont words world would  wouldnt www x y yes yet you youd you'll your youre yours yourself yourselves you've  z zero hey hello howdy bro good morning afternoon noon night bye thanks yeah yo no kk"
            },
            "intentParams": {
                "type": "V3",
                "minngram": 1,
                "maxngram": 4,
                "ngram": [
                    1,
                    1
                ],
                "useSynonyms": false,
                "f_negation": false,
                "useStopwords": false,
                "usePlaceholders": true,
                "useTestPlaceholders": false,
                "features": "n_gram",
                "skip_gram": {
                    "seqLength": 2,
                    "maxSkipDistance": 1
                }
            },
            "isDefault": false,
            "mlConfigurations": {
                "NoneIntent": true,
                "ML_Add_FAQS_To_NoneIntent": true,
                "NoneIntentCustomTraining": false
            },
            "nerParams": {
                "type": "corenlp"
            },
            "utterances": [],
            "btutterances": []
        }
    ],
    "contentVariables": [],
    "namespaces": [],
    "exportOptions": {
        "nlpData": [
            "bot_synonyms",
            "defaultDialog",
            "patterns",
            "standardResponses"
        ],
        "tasks": [],
        "settings": [],
        "subTasks": {
            "dialogs": [
                "dg-7c7a8623-2243-5e0a-aa64-3fe2b576a392",
                "dg-3c0e1947-3392-5f08-9d40-14eebc86ea88",
                "dg-1cf44aae-8fe5-58cd-86fe-cee40bf637a5",
                "dg-bd590cd0-0d25-547d-abf9-90eb0a42ca10",
                "dg-b0c577a0-9aab-50e1-aeb2-fa8cc3e1d973",
                "dg-20acfa23-9d1c-50ff-864f-2c92a459dc45",
                "dg-8156e38d-4383-56ed-b3a5-550fc9b44467",
                "dg-4b8df0b9-8f13-50e6-9072-b00d2acf40c8",
                "dg-0d90b671-bc11-571d-9a4a-fffc976789f8",
                "dg-15aa07d9-7c46-5fe2-9073-4b1927f552b2",
                "dg-a1171528-f533-5dbc-ad6f-4211009450d7",
                "dg-3b2c6068-9b6a-5246-ba69-9fd1d3e4a5ec",
                "dg-543c371c-5e16-5592-9a5b-81fe494f2ff0",
                "dg-b55cf276-c8d7-56e8-ad8f-d6caf1b74c20",
                "dg-5e361608-f5fa-5458-aa10-945955982ea2",
                "dg-861fef6c-63fe-5c41-b0f8-9737d027d8f2"
            ],
            "alerts": [],
            "actions": [],
            "forms": []
        },
        "IncludeDependentTasks": true
    },
    "environmentVersionInfo": "9.1.7",
    "traits": [],
    "encryptedHash": "2f46b5539eb98e09bbc4c23535f41692"
}